year,month,day,region,iso_country_code,total_visits,total_devices_seen,total_home_visits,total_home_visitors
2021,7,1,ALL,"",55719359,16162329,20815757,12116676
2021,7,1,ALL_CA,CA,399130,256232,399130,256232
2021,7,1,ALL_US,US,55320229,15906322,20416627,11860444
2021,7,1,ab,CA,63623,42319,63623,42319
2021,7,1,ak,US,68367,22189,22679,14445
2021,7,1,al,US,1541435,409546,565750,314909
2021,7,1,ar,US,789952,223759,305227,171914
2021,7,1,as,US,1,1,1,1
2021,7,1,az,US,1004194,303214,357167,220295
2021,7,1,bc,CA,49892,32258,49892,32258
2021,7,1,ca,US,4400597,1315287,1536193,951207
2021,7,1,co,US,903789,273958,286186,172155
2021,7,1,ct,US,413934,142785,170016,99701
2021,7,1,dc,US,64144,33825,13017,8850
2021,7,1,de,US,148206,51595,55109,33067
2021,7,1,fl,US,4418877,1184968,1427365,822267
2021,7,1,ga,US,2444114,680745,866716,489172
2021,7,1,gu,US,31,31,26,26
2021,7,1,hi,US,238778,60364,59944,38554
2021,7,1,ia,US,730393,210202,286885,156218
2021,7,1,id,US,275326,86792,103665,60599
2021,7,1,il,US,2144059,645724,821085,470126
2021,7,1,in,US,1279707,389173,507512,288154
2021,7,1,ks,US,644901,189808,256462,141489
2021,7,1,ky,US,830713,261007,326249,190754
2021,7,1,la,US,1085845,299176,400439,224325
2021,7,1,ma,US,694222,249294,269527,161366
2021,7,1,mb,CA,23463,16139,23463,16139
2021,7,1,md,US,733247,257741,283310,173237
2021,7,1,me,US,177564,57124,69770,40762
2021,7,1,mi,US,1571105,485913,626608,359261
2021,7,1,mn,US,854101,270945,323235,188691
2021,7,1,mo,US,1458546,417218,539606,305315
2021,7,1,mp,US,7,7,7,7
2021,7,1,ms,US,805894,220550,304338,169525
2021,7,1,mt,US,153718,49259,52472,31654
2021,7,1,nb,CA,5987,3740,5987,3740
2021,7,1,nc,US,1970005,579199,753430,426892
2021,7,1,nd,US,140145,42216,52587,29287
2021,7,1,ne,US,453922,129614,171155,91654
2021,7,1,nh,US,185968,61868,73368,42229
2021,7,1,nj,US,1277163,416655,517172,297899
2021,7,1,nl,CA,4677,2978,4677,2978
2021,7,1,nm,US,253203,87490,91070,55030
2021,7,1,ns,CA,7456,4711,7456,4711
2021,7,1,nt,CA,241,155,241,155
2021,7,1,nu,CA,112,73,112,73
2021,7,1,nv,US,585081,155678,152692,95220
2021,7,1,ny,US,2198075,758049,854534,513621
2021,7,1,oh,US,2090082,636049,829296,474361
2021,7,1,ok,US,991975,286835,382162,216936
2021,7,1,on,CA,146150,94519,146150,94519
2021,7,1,or,US,532609,176087,189244,119760
2021,7,1,pa,US,1676960,573642,687434,410191
2021,7,1,pe,CA,1195,723,1195,723
2021,7,1,pr,US,7024,5241,4113,3429
2021,7,1,qc,CA,79639,47674,79639,47674
2021,7,1,ri,US,121068,43102,47447,28072
2021,7,1,sc,US,1236178,345721,442174,245973
2021,7,1,sd,US,175074,51149,62384,34774
2021,7,1,sk,CA,16533,10826,16533,10826
2021,7,1,tn,US,1526109,448921,552650,318062
2021,7,1,tx,US,6054195,1680221,2189990,1249041
2021,7,1,ut,US,471202,142647,173158,100416
2021,7,1,va,US,1233282,391880,474284,278031
2021,7,1,vi,US,34,30,0,0
2021,7,1,vt,US,57009,20578,23698,14233
2021,7,1,wa,US,871846,289447,331237,212254
2021,7,1,wi,US,946624,294499,373763,215913
2021,7,1,wv,US,293096,97751,118836,70431
2021,7,1,wy,US,96533,31932,32183,18713
2021,7,1,yt,CA,162,117,162,117
2021,7,2,ALL,"",57848254,15809667,19948509,11488523
2021,7,2,ALL_CA,CA,416924,254477,416924,254477
2021,7,2,ALL_US,US,57431330,15555422,19531585,11234046
2021,7,2,ab,CA,65650,42746,65650,42746
2021,7,2,ak,US,70159,22167,21823,13857
2021,7,2,al,US,1608115,418239,540635,300589
2021,7,2,ar,US,857697,222777,296817,162850
2021,7,2,as,US,2,2,2,2
2021,7,2,az,US,1045673,298966,349454,211008
2021,7,2,bc,CA,51477,32119,51477,32119
2021,7,2,ca,US,4589566,1293762,1518530,917803
2021,7,2,co,US,947750,265705,274697,161270
2021,7,2,ct,US,411806,138270,162319,95809
2021,7,2,dc,US,66551,32873,11667,7824
2021,7,2,de,US,157540,52376,51511,30931
2021,7,2,fl,US,4624996,1174790,1380276,790445
2021,7,2,ga,US,2512076,672961,824603,465581
2021,7,2,gu,US,36,36,29,29
2021,7,2,hi,US,251881,60488,60495,38062
2021,7,2,ia,US,753202,209722,272709,147350
2021,7,2,id,US,281791,85366,99155,57224
2021,7,2,il,US,2205444,644114,783151,442857
2021,7,2,in,US,1356886,382164,489560,272268
2021,7,2,ks,US,665960,184564,247388,133235
2021,7,2,ky,US,918302,260071,320513,180570
2021,7,2,la,US,1104047,299522,380163,214007
2021,7,2,ma,US,679507,243945,250529,152273
2021,7,2,mb,CA,24503,16109,24503,16109
2021,7,2,md,US,782723,251561,268775,160782
2021,7,2,me,US,178564,57084,64618,38858
2021,7,2,mi,US,1566447,472969,574365,329788
2021,7,2,mn,US,814226,257873,286883,168679
2021,7,2,mo,US,1555810,415997,520873,287039
2021,7,2,mp,US,15,15,15,15
2021,7,2,ms,US,861533,224451,293370,162554
2021,7,2,mt,US,153686,47687,48471,29149
2021,7,2,nb,CA,6308,3655,6308,3655
2021,7,2,nc,US,2006430,571188,700196,400896
2021,7,2,nd,US,127262,39252,44688,25784
2021,7,2,ne,US,459104,126806,161303,85793
2021,7,2,nh,US,186538,62137,67533,40118
2021,7,2,nj,US,1345022,413032,494715,283867
2021,7,2,nl,CA,4926,2841,4926,2841
2021,7,2,nm,US,261223,87435,86929,52270
2021,7,2,ns,CA,7912,4845,7912,4845
2021,7,2,nt,CA,255,156,255,156
2021,7,2,nu,CA,108,77,108,77
2021,7,2,nv,US,611126,157899,150121,92428
2021,7,2,ny,US,2252930,747271,814294,488229
2021,7,2,oh,US,2178055,611059,789925,443846
2021,7,2,ok,US,1079159,284196,373931,205794
2021,7,2,on,CA,157640,94189,157640,94189
2021,7,2,or,US,550049,173547,185082,114391
2021,7,2,pa,US,1766270,557539,657398,386006
2021,7,2,pe,CA,1284,739,1284,739
2021,7,2,pr,US,6768,5159,4010,3412
2021,7,2,qc,CA,79605,46015,79605,46015
2021,7,2,ri,US,122854,42269,45305,27047
2021,7,2,sc,US,1284095,347330,420987,235573
2021,7,2,sd,US,176303,51174,57311,32082
2021,7,2,sk,CA,17099,10870,17099,10870
2021,7,2,tn,US,1664992,449277,538711,302545
2021,7,2,tx,US,6246463,1659926,2103282,1190152
2021,7,2,ut,US,480867,139422,165091,94568
2021,7,2,va,US,1285876,385482,444930,259902
2021,7,2,vi,US,44,43,0,0
2021,7,2,vt,US,57469,21038,22281,13726
2021,7,2,wa,US,900040,282198,321761,201625
2021,7,2,wi,US,945375,286682,344338,197631
2021,7,2,wv,US,317162,98679,114263,66335
2021,7,2,wy,US,97863,31529,29804,17338
2021,7,2,yt,CA,157,116,157,116
2021,7,3,ALL,"",53276468,15407915,18841943,10928659
2021,7,3,ALL_CA,CA,405118,254491,405118,254491
2021,7,3,ALL_US,US,52871350,15153563,18436825,10674168
2021,7,3,ab,CA,63096,42306,63096,42306
2021,7,3,ak,US,60931,21659,19862,13021
2021,7,3,al,US,1436996,412494,503421,282795
2021,7,3,ar,US,734483,212545,274715,152822
2021,7,3,as,US,5,4,4,4
2021,7,3,az,US,976774,294787,336870,204033
2021,7,3,bc,CA,51964,32934,51964,32934
2021,7,3,ca,US,4392329,1267945,1465602,883976
2021,7,3,co,US,903244,260365,265869,155206
2021,7,3,ct,US,387305,133891,154117,92405
2021,7,3,dc,US,67620,32497,11456,7580
2021,7,3,de,US,150925,52409,49648,29925
2021,7,3,fl,US,4343331,1169489,1313868,766231
2021,7,3,ga,US,2350701,652360,782640,441252
2021,7,3,gu,US,51,46,40,36
2021,7,3,hi,US,245057,61250,60067,37081
2021,7,3,ia,US,664145,201020,249547,135984
2021,7,3,id,US,261758,83190,94040,53891
2021,7,3,il,US,2037291,623697,742482,419931
2021,7,3,in,US,1209941,366253,457701,257444
2021,7,3,ks,US,593081,174962,231886,125343
2021,7,3,ky,US,815728,250137,302989,172580
2021,7,3,la,US,974421,288367,351148,202245
2021,7,3,ma,US,624033,237195,235575,145770
2021,7,3,mb,CA,23986,16411,23986,16411
2021,7,3,md,US,748188,249571,259860,155491
2021,7,3,me,US,165255,57136,60729,37232
2021,7,3,mi,US,1382816,453898,519848,303621
2021,7,3,mn,US,703289,241070,253666,151325
2021,7,3,mo,US,1388803,399932,488409,271080
2021,7,3,mp,US,13,12,13,12
2021,7,3,ms,US,750748,217674,273746,153720
2021,7,3,mt,US,136287,46461,44548,27571
2021,7,3,nb,CA,6071,3620,6071,3620
2021,7,3,nc,US,1871260,555285,663405,376855
2021,7,3,nd,US,101045,35749,38241,22905
2021,7,3,ne,US,402084,121526,149890,80396
2021,7,3,nh,US,176583,62269,63073,38288
2021,7,3,nj,US,1281107,407026,465464,270486
2021,7,3,nl,CA,4698,2712,4698,2712
2021,7,3,nm,US,245268,85901,82569,49859
2021,7,3,ns,CA,7898,4885,7898,4885
2021,7,3,nt,CA,253,177,253,177
2021,7,3,nu,CA,120,82,120,82
2021,7,3,nv,US,604580,156813,147399,90041
2021,7,3,ny,US,2050577,727664,755882,465292
2021,7,3,oh,US,1954226,583860,745210,421492
2021,7,3,ok,US,964690,273995,352098,194783
2021,7,3,on,CA,154773,95195,154773,95195
2021,7,3,or,US,512289,169574,177436,109893
2021,7,3,pa,US,1611792,538791,615929,366222
2021,7,3,pe,CA,1210,737,1210,737
2021,7,3,pr,US,7768,5728,4889,3954
2021,7,3,qc,CA,74433,44403,74433,44403
2021,7,3,ri,US,114820,42178,44201,26765
2021,7,3,sc,US,1198801,341535,397347,223021
2021,7,3,sd,US,153255,49277,50931,29206
2021,7,3,sk,CA,16432,10907,16432,10907
2021,7,3,tn,US,1528673,439495,519139,291587
2021,7,3,tx,US,5812687,1618548,1994818,1131355
2021,7,3,ut,US,465077,134707,162685,89180
2021,7,3,va,US,1215437,375953,426314,247680
2021,7,3,vi,US,34,33,0,0
2021,7,3,vt,US,53751,20742,20859,12997
2021,7,3,wa,US,837816,272694,307657,191492
2021,7,3,wi,US,836845,274734,313838,181990
2021,7,3,wv,US,278104,93986,106167,62582
2021,7,3,wy,US,87232,30544,27018,16257
2021,7,3,yt,CA,184,122,184,122
2021,7,4,ALL,"",45779581,15067690,18522555,10981787
2021,7,4,ALL_CA,CA,445761,280616,445761,280616
2021,7,4,ALL_US,US,45333820,14787195,18076794,10701171
2021,7,4,ab,CA,70186,47310,70186,47310
2021,7,4,ak,US,55786,21029,20175,13175
2021,7,4,al,US,1154228,383295,498573,286424
2021,7,4,ar,US,626923,206233,278902,156682
2021,7,4,as,US,3,3,3,3
2021,7,4,az,US,838262,281588,329937,202141
2021,7,4,bc,CA,54525,34978,54525,34978
2021,7,4,ca,US,3722696,1212071,1384401,857753
2021,7,4,co,US,777321,249584,262520,153901
2021,7,4,ct,US,331611,127391,145846,90330
2021,7,4,dc,US,71794,31668,10882,7268
2021,7,4,de,US,131518,48617,47763,29485
2021,7,4,fl,US,3804381,1137488,1265769,766154
2021,7,4,ga,US,1912700,617271,762330,443009
2021,7,4,gu,US,52,48,42,39
2021,7,4,hi,US,213746,59342,58405,36961
2021,7,4,ia,US,574715,195619,252318,139413
2021,7,4,id,US,219891,80852,93752,54585
2021,7,4,il,US,1760009,606286,727833,422551
2021,7,4,in,US,1052755,359224,461705,263052
2021,7,4,ks,US,492896,168752,224041,125837
2021,7,4,ky,US,709758,241560,307288,176713
2021,7,4,la,US,820637,279229,353757,206813
2021,7,4,ma,US,559651,225130,223685,141890
2021,7,4,mb,CA,25599,17587,25599,17587
2021,7,4,md,US,641301,236715,248167,152914
2021,7,4,me,US,142802,55664,57872,37235
2021,7,4,mi,US,1218269,449176,526691,313063
2021,7,4,mn,US,638043,239959,264551,158285
2021,7,4,mo,US,1173830,383809,481946,273052
2021,7,4,mp,US,8,8,8,8
2021,7,4,ms,US,614277,205557,274395,156250
2021,7,4,mt,US,123623,45128,45153,27485
2021,7,4,nb,CA,6928,4185,6928,4185
2021,7,4,nc,US,1567727,529019,651473,379763
2021,7,4,nd,US,86113,33342,37875,22590
2021,7,4,ne,US,333499,116452,145279,80854
2021,7,4,nh,US,156983,59594,61561,38056
2021,7,4,nj,US,1117847,391284,435108,262649
2021,7,4,nl,CA,5554,3243,5554,3243
2021,7,4,nm,US,213828,81993,82039,49712
2021,7,4,ns,CA,8716,5456,8716,5456
2021,7,4,nt,CA,239,166,239,166
2021,7,4,nu,CA,105,79,105,79
2021,7,4,nv,US,551023,151440,144728,88522
2021,7,4,ny,US,1868267,699045,719686,452286
2021,7,4,oh,US,1694990,578673,752058,434136
2021,7,4,ok,US,829790,266442,350780,196513
2021,7,4,on,CA,169312,104695,169312,104695
2021,7,4,or,US,443919,161415,173146,107906
2021,7,4,pa,US,1373560,517569,596475,365804
2021,7,4,pe,CA,1291,787,1291,787
2021,7,4,pr,US,6750,5179,4630,3815
2021,7,4,qc,CA,84524,49724,84524,49724
2021,7,4,ri,US,106433,40387,41670,25777
2021,7,4,sc,US,998006,324111,389377,224528
2021,7,4,sd,US,137336,48042,53386,30385
2021,7,4,sk,CA,18594,12276,18594,12276
2021,7,4,tn,US,1284636,417652,508878,292894
2021,7,4,tx,US,4944776,1577279,1969685,1141035
2021,7,4,ut,US,350391,133033,156656,92880
2021,7,4,va,US,1035050,358004,416576,249187
2021,7,4,vi,US,32,30,0,0
2021,7,4,vt,US,48949,19861,20722,12955
2021,7,4,wa,US,702857,260502,292635,186239
2021,7,4,wi,US,774746,273791,326224,189064
2021,7,4,wv,US,240451,89878,108769,64550
2021,7,4,wy,US,82375,29969,28668,16624
2021,7,4,yt,CA,188,130,188,130
2021,7,5,ALL,"",48164425,14890135,19772382,11330543
2021,7,5,ALL_CA,CA,449923,279088,449923,279088
2021,7,5,ALL_US,US,47714502,14611184,19322459,11051455
2021,7,5,ab,CA,69845,46652,69845,46652
2021,7,5,ak,US,56023,20819,21071,13477
2021,7,5,al,US,1248182,395021,528243,299254
2021,7,5,ar,US,654162,208674,290432,163007
2021,7,5,as,US,1,1,1,1
2021,7,5,az,US,860710,274048,330575,201512
2021,7,5,bc,CA,54191,34526,54191,34526
2021,7,5,ca,US,3880764,1201587,1462616,890529
2021,7,5,co,US,768734,245815,273161,158507
2021,7,5,ct,US,356187,124736,156444,90310
2021,7,5,dc,US,52797,27394,11562,7467
2021,7,5,de,US,136067,48059,50233,29323
2021,7,5,fl,US,3874447,1111980,1348883,778092
2021,7,5,ga,US,2070904,633550,828595,462325
2021,7,5,gu,US,44,44,40,40
2021,7,5,hi,US,219862,57445,57471,36647
2021,7,5,ia,US,605742,199410,274874,149233
2021,7,5,id,US,237799,80911,97770,56387
2021,7,5,il,US,1844394,618995,779812,441990
2021,7,5,in,US,1101418,359641,492517,272100
2021,7,5,ks,US,536803,173812,247328,134640
2021,7,5,ky,US,759199,245208,320319,179920
2021,7,5,la,US,886429,280054,377731,213095
2021,7,5,ma,US,599813,221110,245462,143640
2021,7,5,mb,CA,26463,17490,26463,17490
2021,7,5,md,US,668551,235932,265328,154664
2021,7,5,me,US,156315,52900,63230,36177
2021,7,5,mi,US,1331042,455246,586704,331387
2021,7,5,mn,US,698528,249383,304339,175157
2021,7,5,mo,US,1230886,387836,515039,286120
2021,7,5,mp,US,11,10,11,10
2021,7,5,ms,US,653954,208941,286095,161407
2021,7,5,mt,US,128901,44926,48915,28726
2021,7,5,nb,CA,7168,4155,7168,4155
2021,7,5,nc,US,1654962,526977,685398,384578
2021,7,5,nd,US,104050,37647,48534,27245
2021,7,5,ne,US,364364,121526,162376,87478
2021,7,5,nh,US,168123,57289,65950,37295
2021,7,5,nj,US,1200963,390090,489144,274647
2021,7,5,nl,CA,5480,3109,5480,3109
2021,7,5,nm,US,213329,81422,84208,50531
2021,7,5,ns,CA,8991,5294,8991,5294
2021,7,5,nt,CA,242,152,242,152
2021,7,5,nu,CA,112,71,112,71
2021,7,5,nv,US,532103,148327,145771,89561
2021,7,5,ny,US,1981135,699490,813902,474191
2021,7,5,oh,US,1790752,572996,796726,441887
2021,7,5,ok,US,861525,268905,372323,206156
2021,7,5,on,CA,170744,104771,170744,104771
2021,7,5,or,US,464793,161003,179798,109372
2021,7,5,pa,US,1474163,515282,648487,373633
2021,7,5,pe,CA,1322,758,1322,758
2021,7,5,pr,US,5400,4226,3487,2991
2021,7,5,qc,CA,85747,49682,85747,49682
2021,7,5,ri,US,109096,38611,43907,25377
2021,7,5,sc,US,1065354,323792,410601,228276
2021,7,5,sd,US,142212,48574,60380,33513
2021,7,5,sk,CA,19430,12304,19430,12304
2021,7,5,tn,US,1335352,421079,526995,298143
2021,7,5,tx,US,5176751,1568034,2076594,1176382
2021,7,5,ut,US,427248,133438,166748,94149
2021,7,5,va,US,1083216,354309,442408,253017
2021,7,5,vi,US,38,33,0,0
2021,7,5,vt,US,49644,18961,21975,12693
2021,7,5,wa,US,757637,261406,315940,194265
2021,7,5,wi,US,801384,270426,353837,199312
2021,7,5,wv,US,250392,88728,112828,64769
2021,7,5,wy,US,81847,29059,29341,16865
2021,7,5,yt,CA,188,124,188,124
2021,7,6,ALL,"",53849595,16213494,20872134,12156256
2021,7,6,ALL_CA,CA,496883,321734,496883,321734
2021,7,6,ALL_US,US,53352712,15891960,20375251,11834522
2021,7,6,ab,CA,73155,49127,73155,49127
2021,7,6,ak,US,66283,23126,21985,14717
2021,7,6,al,US,1453521,410489,561881,314317
2021,7,6,ar,US,770808,217949,307040,170208
2021,7,6,as,US,4,4,3,3
2021,7,6,az,US,947737,296447,347170,217424
2021,7,6,bc,CA,60849,39822,60849,39822
2021,7,6,ca,US,4272720,1292691,1514068,941989
2021,7,6,co,US,843304,262840,284549,171597
2021,7,6,ct,US,393591,135446,170903,98456
2021,7,6,dc,US,60525,30457,12637,8537
2021,7,6,de,US,149007,50667,54935,32359
2021,7,6,fl,US,4115412,1206756,1430723,839837
2021,7,6,ga,US,2341484,671641,872967,490286
2021,7,6,gu,US,52,50,48,46
2021,7,6,hi,US,236464,60003,59004,38131
2021,7,6,ia,US,703343,216251,290102,160447
2021,7,6,id,US,264672,84706,102381,60431
2021,7,6,il,US,2085553,665102,818564,468955
2021,7,6,in,US,1246072,384215,515985,290013
2021,7,6,ks,US,631384,188074,259824,142038
2021,7,6,ky,US,858199,258396,334685,190852
2021,7,6,la,US,1021482,295384,398099,224224
2021,7,6,ma,US,679855,248692,269567,159394
2021,7,6,mb,CA,27009,18243,27009,18243
2021,7,6,md,US,736584,256633,283977,170116
2021,7,6,me,US,173321,58466,69023,40827
2021,7,6,mi,US,1498230,496167,629760,364427
2021,7,6,mn,US,790338,280897,321710,195928
2021,7,6,mo,US,1396754,410681,535868,302229
2021,7,6,mp,US,15,13,15,13
2021,7,6,ms,US,756465,215290,299704,168122
2021,7,6,mt,US,150673,49309,52484,31765
2021,7,6,nb,CA,8451,5174,8451,5174
2021,7,6,nc,US,1865671,564728,729240,413922
2021,7,6,nd,US,132523,42450,52526,29829
2021,7,6,ne,US,428380,130145,171603,93063
2021,7,6,nh,US,179142,61564,72312,41797
2021,7,6,nj,US,1301319,419346,529381,298066
2021,7,6,nl,CA,6216,3633,6216,3633
2021,7,6,nm,US,243762,86914,90713,55238
2021,7,6,ns,CA,10615,6741,10615,6741
2021,7,6,nt,CA,298,204,298,204
2021,7,6,nu,CA,140,84,140,84
2021,7,6,nv,US,560849,155239,151318,95517
2021,7,6,ny,US,2221169,772145,866849,509406
2021,7,6,oh,US,2016165,618697,834914,472422
2021,7,6,ok,US,992071,279113,388914,214799
2021,7,6,on,CA,189979,123204,189979,123204
2021,7,6,or,US,517513,173497,188693,119054
2021,7,6,pa,US,1663603,565859,697624,408648
2021,7,6,pe,CA,1536,941,1536,941
2021,7,6,pr,US,9170,6488,5677,4410
2021,7,6,qc,CA,98167,61267,98167,61267
2021,7,6,ri,US,118759,42280,47995,27846
2021,7,6,sc,US,1182167,338565,433563,242464
2021,7,6,sd,US,167552,52022,63263,35953
2021,7,6,sk,CA,20228,13115,20228,13115
2021,7,6,tn,US,1521440,442788,553895,315150
2021,7,6,tx,US,5729809,1669932,2150394,1240604
2021,7,6,ut,US,458999,140297,171488,99374
2021,7,6,va,US,1205228,382544,468105,272116
2021,7,6,vi,US,58,55,0,0
2021,7,6,vt,US,56390,20686,23513,14172
2021,7,6,wa,US,849146,283972,327491,209491
2021,7,6,wi,US,905368,304700,383298,225123
2021,7,6,wv,US,287245,94998,120116,69522
2021,7,6,wy,US,95362,31289,32705,18862
2021,7,6,yt,CA,240,179,240,179
2021,7,7,ALL,"",54357681,16287850,20827480,12202406
2021,7,7,ALL_CA,CA,486634,315354,486634,315354
2021,7,7,ALL_US,US,53871047,15972726,20340846,11887052
2021,7,7,ab,CA,73048,49177,73048,49177
2021,7,7,ak,US,66760,23143,22092,14759
2021,7,7,al,US,1463095,410794,556502,314740
2021,7,7,ar,US,776480,221333,304646,170804
2021,7,7,as,US,5,4,4,3
2021,7,7,az,US,973257,301421,353403,219874
2021,7,7,bc,CA,59039,39125,59039,39125
2021,7,7,ca,US,4339454,1319550,1529626,954522
2021,7,7,co,US,865973,265134,286565,171602
2021,7,7,ct,US,414665,139746,173228,100094
2021,7,7,dc,US,68386,36399,12733,8576
2021,7,7,de,US,148240,50186,54965,32593
2021,7,7,fl,US,4015436,1176536,1370082,824670
2021,7,7,ga,US,2313097,681689,864830,492962
2021,7,7,gu,US,41,39,35,33
2021,7,7,hi,US,240423,60583,59443,38418
2021,7,7,ia,US,711116,217533,287703,159843
2021,7,7,id,US,267389,85564,103220,61108
2021,7,7,il,US,2090123,662087,824436,477367
2021,7,7,in,US,1271680,392192,519352,293943
2021,7,7,ks,US,639043,190093,259338,142688
2021,7,7,ky,US,866505,259495,334613,191476
2021,7,7,la,US,1038643,296623,396141,223867
2021,7,7,ma,US,698438,248937,272720,160194
2021,7,7,mb,CA,26895,18064,26895,18064
2021,7,7,md,US,736369,251042,284062,170760
2021,7,7,me,US,174789,57218,68699,40342
2021,7,7,mi,US,1503284,495172,628055,365368
2021,7,7,mn,US,833054,275720,320722,191230
2021,7,7,mo,US,1415928,419501,536174,305006
2021,7,7,mp,US,8,8,8,8
2021,7,7,ms,US,751697,215297,296357,167896
2021,7,7,mt,US,150356,50222,53053,32342
2021,7,7,nb,CA,8128,5004,8128,5004
2021,7,7,nc,US,1885614,569413,737688,420857
2021,7,7,nd,US,135834,42423,52754,29726
2021,7,7,ne,US,433070,129521,169630,92397
2021,7,7,nh,US,185185,61432,73222,42091
2021,7,7,nj,US,1322255,412549,524409,296084
2021,7,7,nl,CA,6167,3563,6167,3563
2021,7,7,nm,US,247930,87618,91291,55464
2021,7,7,ns,CA,10368,6437,10368,6437
2021,7,7,nt,CA,281,195,281,195
2021,7,7,nu,CA,123,83,123,83
2021,7,7,nv,US,563104,156513,152611,96581
2021,7,7,ny,US,2284696,768671,867342,512169
2021,7,7,oh,US,2037397,634490,842150,480464
2021,7,7,ok,US,999085,282249,388282,216197
2021,7,7,on,CA,184839,120052,184839,120052
2021,7,7,or,US,522640,176330,189063,119948
2021,7,7,pa,US,1693592,571541,703144,413322
2021,7,7,pe,CA,1588,976,1588,976
2021,7,7,pr,US,8201,6045,5017,4142
2021,7,7,qc,CA,95732,59420,95732,59420
2021,7,7,ri,US,123890,42693,47979,28000
2021,7,7,sc,US,1187938,343970,437611,246733
2021,7,7,sd,US,171814,52221,63711,36101
2021,7,7,sk,CA,20185,13085,20185,13085
2021,7,7,tn,US,1529834,449794,550811,317982
2021,7,7,tx,US,5817671,1673704,2146931,1240642
2021,7,7,ut,US,467293,144062,173101,100832
2021,7,7,va,US,1211607,377776,469613,273568
2021,7,7,vi,US,47,44,0,0
2021,7,7,vt,US,56225,20602,23621,14193
2021,7,7,wa,US,867483,292797,332298,213896
2021,7,7,wi,US,901474,298248,373431,219980
2021,7,7,wv,US,287130,95369,119655,69704
2021,7,7,wy,US,96304,31836,32674,18911
2021,7,7,yt,CA,241,173,241,173
2021,7,8,ALL,"",54789671,16279395,20468649,12037639
2021,7,8,ALL_CA,CA,476312,310374,476312,310374
2021,7,8,ALL_US,US,54313359,15969279,19992337,11727265
2021,7,8,ab,CA,72262,48411,72262,48411
2021,7,8,ak,US,66449,22814,21767,14464
2021,7,8,al,US,1505577,410748,552006,310366
2021,7,8,ar,US,785766,222421,302906,169730
2021,7,8,as,US,4,3,4,3
2021,7,8,az,US,972899,302688,347214,217983
2021,7,8,bc,CA,58288,38689,58288,38689
2021,7,8,ca,US,4360906,1318825,1517252,947495
2021,7,8,co,US,865246,265455,281285,169606
2021,7,8,ct,US,400752,143052,168513,100089
2021,7,8,dc,US,71226,39909,12617,8563
2021,7,8,de,US,148346,51372,55306,32992
2021,7,8,fl,US,4304424,1175014,1383889,806766
2021,7,8,ga,US,2420828,692521,853758,484973
2021,7,8,gu,US,46,45,38,37
2021,7,8,hi,US,238045,60297,58833,38214
2021,7,8,ia,US,724768,219094,283731,157594
2021,7,8,id,US,267438,84357,100235,59392
2021,7,8,il,US,2105693,655960,802038,465165
2021,7,8,in,US,1266231,392924,505252,288929
2021,7,8,ks,US,644268,188874,254730,139789
2021,7,8,ky,US,872671,263907,332402,191313
2021,7,8,la,US,1043138,296470,388157,220434
2021,7,8,ma,US,704091,254280,269865,161029
2021,7,8,mb,CA,26757,17994,26757,17994
2021,7,8,md,US,729831,254190,282588,171744
2021,7,8,me,US,174046,57822,67980,40596
2021,7,8,mi,US,1532916,494001,609528,356309
2021,7,8,mn,US,845356,276864,315857,187755
2021,7,8,mo,US,1433844,417452,525804,298352
2021,7,8,mp,US,8,8,8,8
2021,7,8,ms,US,778987,215477,293919,165696
2021,7,8,mt,US,150249,48541,50812,30927
2021,7,8,nb,CA,8030,4882,8030,4882
2021,7,8,nc,US,1764262,568006,699689,416250
2021,7,8,nd,US,135343,43611,52003,29889
2021,7,8,ne,US,440930,130128,167507,90823
2021,7,8,nh,US,182189,61695,71576,41837
2021,7,8,nj,US,1293614,421485,518759,297897
2021,7,8,nl,CA,6061,3503,6061,3503
2021,7,8,nm,US,250339,88190,89480,54638
2021,7,8,ns,CA,10062,6261,10062,6261
2021,7,8,nt,CA,268,177,268,177
2021,7,8,nu,CA,132,90,132,90
2021,7,8,nv,US,569701,156496,150324,95476
2021,7,8,ny,US,2219333,777663,847426,508649
2021,7,8,oh,US,2050541,635585,818799,471317
2021,7,8,ok,US,1010825,279817,381728,212045
2021,7,8,on,CA,179824,118435,179824,118435
2021,7,8,or,US,527660,175841,186822,118356
2021,7,8,pa,US,1678720,575320,686222,407752
2021,7,8,pe,CA,1467,923,1467,923
2021,7,8,pr,US,7912,5864,4660,3891
2021,7,8,qc,CA,92970,57984,92970,57984
2021,7,8,ri,US,121154,42869,47592,28160
2021,7,8,sc,US,1163864,338737,419260,241661
2021,7,8,sd,US,176617,53373,62877,35861
2021,7,8,sk,CA,19955,12846,19955,12846
2021,7,8,tn,US,1567112,457219,544959,314095
2021,7,8,tx,US,5867163,1674176,2112671,1223602
2021,7,8,ut,US,467287,144111,168556,99158
2021,7,8,va,US,1171759,383377,460482,274239
2021,7,8,vi,US,42,40,0,0
2021,7,8,vt,US,56316,20898,23352,14255
2021,7,8,wa,US,867507,289717,327063,210458
2021,7,8,wi,US,921821,294427,363395,213166
2021,7,8,wv,US,289506,96181,117105,69085
2021,7,8,wy,US,97793,31382,31736,18408
2021,7,8,yt,CA,236,179,236,179
2021,7,9,ALL,"",57200729,16122390,20203549,11813155
2021,7,9,ALL_CA,CA,471820,304833,471820,304833
2021,7,9,ALL_US,US,56728909,15817845,19731729,11508322
2021,7,9,ab,CA,71348,47653,71348,47653
2021,7,9,ak,US,70589,23678,22553,14772
2021,7,9,al,US,1576276,415831,544161,305235
2021,7,9,ar,US,827425,223356,300015,166865
2021,7,9,as,US,7,7,6,6
2021,7,9,az,US,1044419,312383,359161,221540
2021,7,9,bc,CA,59819,39386,59819,39386
2021,7,9,ca,US,4611477,1348421,1550020,953002
2021,7,9,co,US,904140,268027,282261,168795
2021,7,9,ct,US,401187,140696,160814,97831
2021,7,9,dc,US,74918,40729,12153,8205
2021,7,9,de,US,153614,51446,52755,31583
2021,7,9,fl,US,4465378,1149839,1366920,789286
2021,7,9,ga,US,2525247,695631,838816,474976
2021,7,9,gu,US,66,60,48,45
2021,7,9,hi,US,253359,61849,61444,38688
2021,7,9,ia,US,755118,226946,279543,157438
2021,7,9,id,US,277322,85720,100151,59142
2021,7,9,il,US,2193903,658100,793525,460509
2021,7,9,in,US,1351670,389825,496275,280476
2021,7,9,ks,US,669914,192328,251189,139525
2021,7,9,ky,US,919387,265156,327544,186361
2021,7,9,la,US,1086069,297160,380091,215816
2021,7,9,ma,US,663490,248677,250846,157082
2021,7,9,mb,CA,26246,17574,26246,17574
2021,7,9,md,US,767677,247865,274564,164756
2021,7,9,me,US,168912,56987,65341,40125
2021,7,9,mi,US,1580982,478109,589925,340453
2021,7,9,mn,US,864851,273926,303492,181289
2021,7,9,mo,US,1502727,423212,526183,298977
2021,7,9,mp,US,16,15,16,15
2021,7,9,ms,US,827262,220747,292217,163907
2021,7,9,mt,US,152234,48812,49340,30436
2021,7,9,nb,CA,7692,4930,7692,4930
2021,7,9,nc,US,1969842,564681,713072,405795
2021,7,9,nd,US,131594,40945,46417,27191
2021,7,9,ne,US,460917,136957,165967,92555
2021,7,9,nh,US,179946,61092,67833,40738
2021,7,9,nj,US,1333201,413903,501267,288329
2021,7,9,nl,CA,5604,3379,5604,3379
2021,7,9,nm,US,261941,89826,89071,54183
2021,7,9,ns,CA,9863,6427,9863,6427
2021,7,9,nt,CA,334,220,334,220
2021,7,9,nu,CA,101,74,101,74
2021,7,9,nv,US,609723,159628,152526,95400
2021,7,9,ny,US,2252730,753459,815334,491056
2021,7,9,oh,US,2138356,619514,790168,451829
2021,7,9,ok,US,1049813,280858,375613,209203
2021,7,9,on,CA,178936,115152,178936,115152
2021,7,9,or,US,556442,180403,190774,119961
2021,7,9,pa,US,1754328,560823,664042,391004
2021,7,9,pe,CA,1493,952,1493,952
2021,7,9,pr,US,5092,3809,2855,2407
2021,7,9,qc,CA,90812,56348,90812,56348
2021,7,9,ri,US,114342,41981,44100,27434
2021,7,9,sc,US,1239496,338346,421012,235474
2021,7,9,sd,US,177747,53276,59504,34315
2021,7,9,sk,CA,19303,12534,19303,12534
2021,7,9,tn,US,1639061,465152,540653,310713
2021,7,9,tx,US,6068752,1664905,2085920,1205675
2021,7,9,ut,US,485389,144964,168145,98072
2021,7,9,va,US,1275415,377435,452874,263870
2021,7,9,vi,US,45,39,0,0
2021,7,9,vt,US,57492,20417,22423,13564
2021,7,9,wa,US,921992,296875,333184,211804
2021,7,9,wi,US,950513,291419,351971,205141
2021,7,9,wv,US,305844,97308,114343,67027
2021,7,9,wy,US,99260,32296,31292,18467
2021,7,9,yt,CA,269,204,269,204
2021,7,10,ALL,"",55383283,16202760,19988476,11799792
2021,7,10,ALL_CA,CA,459007,297742,459007,297742
2021,7,10,ALL_US,US,54924276,15905196,19529469,11502050
2021,7,10,ab,CA,70241,47165,70241,47165
2021,7,10,ak,US,65611,23542,22517,15030
2021,7,10,al,US,1498709,429105,533254,305312
2021,7,10,ar,US,752509,227224,295340,169941
2021,7,10,as,US,3,2,3,2
2021,7,10,az,US,1017879,320175,361903,222952
2021,7,10,bc,CA,59482,39050,59482,39050
2021,7,10,ca,US,4424977,1321889,1524937,938651
2021,7,10,co,US,893680,269128,283512,168121
2021,7,10,ct,US,411386,138182,162003,95316
2021,7,10,dc,US,71425,37313,12258,8216
2021,7,10,de,US,154906,53279,51481,31230
2021,7,10,fl,US,4419803,1192486,1363110,801093
2021,7,10,ga,US,2497557,711853,835850,478840
2021,7,10,gu,US,63,61,53,51
2021,7,10,hi,US,243875,61642,62776,39085
2021,7,10,ia,US,711353,224451,265090,153384
2021,7,10,id,US,261878,85926,99234,59296
2021,7,10,il,US,2087083,666936,783735,463011
2021,7,10,in,US,1280289,398640,493721,286401
2021,7,10,ks,US,629025,193215,242764,139571
2021,7,10,ky,US,862224,271676,322844,189967
2021,7,10,la,US,1019011,299945,370740,215342
2021,7,10,ma,US,697663,245709,254812,153926
2021,7,10,mb,CA,25486,17480,25486,17480
2021,7,10,md,US,773091,251236,271599,163209
2021,7,10,me,US,173895,57223,65466,39258
2021,7,10,mi,US,1498232,484015,587822,343646
2021,7,10,mn,US,825315,270409,297135,178238
2021,7,10,mo,US,1392161,424888,513473,299708
2021,7,10,mp,US,18,17,18,17
2021,7,10,ms,US,769205,227176,284384,164259
2021,7,10,mt,US,143192,48586,48388,30330
2021,7,10,nb,CA,7107,4553,7107,4553
2021,7,10,nc,US,1931284,578475,711525,409428
2021,7,10,nd,US,115876,38620,42321,25403
2021,7,10,ne,US,421556,131012,156210,87369
2021,7,10,nh,US,189788,63073,67660,39976
2021,7,10,nj,US,1331388,416418,487270,282452
2021,7,10,nl,CA,5381,3382,5381,3382
2021,7,10,nm,US,251756,91003,87684,53989
2021,7,10,ns,CA,9592,6204,9592,6204
2021,7,10,nt,CA,294,211,294,211
2021,7,10,nu,CA,127,90,127,90
2021,7,10,nv,US,600719,159542,153198,95936
2021,7,10,ny,US,2194598,747545,799545,484383
2021,7,10,oh,US,2051650,627085,787645,455959
2021,7,10,ok,US,982750,291666,376526,215266
2021,7,10,on,CA,176971,112590,176971,112590
2021,7,10,or,US,530710,178198,188317,118742
2021,7,10,pa,US,1703854,562260,648048,385002
2021,7,10,pe,CA,1466,951,1466,951
2021,7,10,pr,US,6055,4675,3862,3308
2021,7,10,qc,CA,84502,53790,84502,53790
2021,7,10,ri,US,125638,44240,45932,27234
2021,7,10,sc,US,1208528,349060,416839,237431
2021,7,10,sd,US,163507,52409,55718,33059
2021,7,10,sk,CA,18105,12093,18105,12093
2021,7,10,tn,US,1589639,475786,545236,316341
2021,7,10,tx,US,6013428,1675604,2087523,1202969
2021,7,10,ut,US,474474,144068,171154,98631
2021,7,10,va,US,1254257,387409,451948,265604
2021,7,10,vi,US,40,37,0,0
2021,7,10,vt,US,54536,20302,22125,13405
2021,7,10,wa,US,875201,290925,327530,208852
2021,7,10,wi,US,900274,292487,343494,202940
2021,7,10,wv,US,283967,98729,112065,67478
2021,7,10,wy,US,92785,31715,29872,18036
2021,7,10,yt,CA,253,186,253,186
2021,7,11,ALL,"",50821398,16672772,21393147,12642330
2021,7,11,ALL_CA,CA,490749,320663,490749,320663
2021,7,11,ALL_US,US,50330649,16352261,20902398,12321667
2021,7,11,ab,CA,75277,50939,75277,50939
2021,7,11,ak,US,60715,24147,23890,16136
2021,7,11,al,US,1315643,422657,573151,325253
2021,7,11,ar,US,675943,227076,313586,179101
2021,7,11,as,US,1,1,1,1
2021,7,11,az,US,933483,330597,373922,235749
2021,7,11,bc,CA,61181,40787,61181,40787
2021,7,11,ca,US,4206742,1378086,1590512,999511
2021,7,11,co,US,844271,282821,298922,180046
2021,7,11,ct,US,380900,141825,172666,101976
2021,7,11,dc,US,62884,35250,13472,9034
2021,7,11,de,US,142729,53871,56037,33614
2021,7,11,fl,US,4009947,1198129,1428493,841207
2021,7,11,ga,US,2224243,710905,885065,504022
2021,7,11,gu,US,60,56,39,38
2021,7,11,hi,US,226055,62231,62823,40318
2021,7,11,ia,US,640928,224312,289981,164450
2021,7,11,id,US,233617,89803,107110,65052
2021,7,11,il,US,1927727,691150,826902,491149
2021,7,11,in,US,1165058,402082,524763,303859
2021,7,11,ks,US,570475,193554,259919,147687
2021,7,11,ky,US,794654,270707,345509,199874
2021,7,11,la,US,904570,305329,402229,232188
2021,7,11,ma,US,652599,252599,277170,165437
2021,7,11,mb,CA,27173,18891,27173,18891
2021,7,11,md,US,713633,264663,292194,176723
2021,7,11,me,US,163093,58479,71389,42182
2021,7,11,mi,US,1379619,504111,642294,377936
2021,7,11,mn,US,785382,282809,342549,200816
2021,7,11,mo,US,1274044,424658,549193,316134
2021,7,11,mp,US,20,19,20,19
2021,7,11,ms,US,672312,224945,307309,175028
2021,7,11,mt,US,134508,51636,53834,34262
2021,7,11,nb,CA,8556,5210,8556,5210
2021,7,11,nc,US,1750524,581946,763429,435835
2021,7,11,nd,US,113375,42198,52512,30978
2021,7,11,ne,US,396354,130854,170036,93635
2021,7,11,nh,US,176229,64624,74613,43517
2021,7,11,nj,US,1233415,433558,524686,304568
2021,7,11,nl,CA,6200,3716,6200,3716
2021,7,11,nm,US,232725,94458,94097,58972
2021,7,11,ns,CA,10416,6594,10416,6594
2021,7,11,nt,CA,305,222,305,222
2021,7,11,nu,CA,114,84,114,84
2021,7,11,nv,US,550245,165152,160567,102701
2021,7,11,ny,US,2069306,790360,870152,527571
2021,7,11,oh,US,1831205,648875,842741,493104
2021,7,11,ok,US,902856,288356,393310,222666
2021,7,11,on,CA,185017,120616,185017,120616
2021,7,11,or,US,502766,186827,199795,128385
2021,7,11,pa,US,1581388,598448,711150,425235
2021,7,11,pe,CA,1639,982,1639,982
2021,7,11,pr,US,6177,4798,4079,3453
2021,7,11,qc,CA,94467,59014,94467,59014
2021,7,11,ri,US,121021,47682,49118,28998
2021,7,11,sc,US,1098120,346458,446770,251411
2021,7,11,sd,US,157469,53703,64964,37369
2021,7,11,sk,CA,20140,13411,20140,13411
2021,7,11,tn,US,1409223,469847,577813,334320
2021,7,11,tx,US,5466605,1712986,2229915,1288041
2021,7,11,ut,US,389132,149976,180819,107118
2021,7,11,va,US,1152060,394304,484551,283329
2021,7,11,vi,US,35,34,0,0
2021,7,11,vt,US,50529,20958,24144,14624
2021,7,11,wa,US,831667,307591,349943,226299
2021,7,11,wi,US,865454,308475,392436,228073
2021,7,11,wv,US,262195,98989,123148,72698
2021,7,11,wy,US,84719,32990,32666,19996
2021,7,11,yt,CA,264,198,264,198
2021,7,12,ALL,"",54529445,16536891,21434477,12501543
2021,7,12,ALL_CA,CA,487862,313742,487862,313742
2021,7,12,ALL_US,US,54041583,16223355,20946615,12187801
2021,7,12,ab,CA,73652,49205,73652,49205
2021,7,12,ak,US,68142,24010,23556,15778
2021,7,12,al,US,1468191,414459,576375,322885
2021,7,12,ar,US,790811,224689,319694,176268
2021,7,12,as,US,3,3,2,2
2021,7,12,az,US,994260,325052,369089,232915
2021,7,12,bc,CA,60442,40284,60442,40284
2021,7,12,ca,US,4332649,1348289,1568351,984772
2021,7,12,co,US,869048,275029,294310,177534
2021,7,12,ct,US,402695,138059,173831,101284
2021,7,12,dc,US,67629,36828,13477,8981
2021,7,12,de,US,150403,51201,57124,33646
2021,7,12,fl,US,4295945,1201291,1445187,838068
2021,7,12,ga,US,2366122,702434,891518,502564
2021,7,12,gu,US,82,74,63,58
2021,7,12,hi,US,236222,61707,60741,39967
2021,7,12,ia,US,703330,216787,294549,162347
2021,7,12,id,US,264827,86216,106126,62842
2021,7,12,il,US,2062427,675203,836811,486871
2021,7,12,in,US,1252900,398724,529984,301846
2021,7,12,ks,US,632013,191256,265378,145358
2021,7,12,ky,US,864824,266229,348029,198493
2021,7,12,la,US,1034109,303487,409296,231597
2021,7,12,ma,US,671084,250102,272030,164718
2021,7,12,mb,CA,27444,18378,27444,18378
2021,7,12,md,US,739384,254644,292008,174809
2021,7,12,me,US,174540,57952,71178,42033
2021,7,12,mi,US,1526674,501103,650229,376352
2021,7,12,mn,US,844796,280363,342178,199720
2021,7,12,mo,US,1389715,415440,549260,311903
2021,7,12,mp,US,20,19,20,19
2021,7,12,ms,US,767792,219570,308097,173122
2021,7,12,mt,US,151364,50552,54273,33215
2021,7,12,nb,CA,8194,5076,8194,5076
2021,7,12,nc,US,1903162,577244,764055,432026
2021,7,12,nd,US,137336,43233,54781,30678
2021,7,12,ne,US,433931,128973,173613,92840
2021,7,12,nh,US,178194,62378,73916,43600
2021,7,12,nj,US,1288188,419747,537007,303962
2021,7,12,nl,CA,6283,3725,6283,3725
2021,7,12,nm,US,247116,89928,94116,57454
2021,7,12,ns,CA,10591,6636,10591,6636
2021,7,12,nt,CA,312,212,312,212
2021,7,12,nu,CA,131,84,131,84
2021,7,12,nv,US,551068,156710,155428,99345
2021,7,12,ny,US,2220368,769466,881379,520415
2021,7,12,oh,US,2007655,641926,850591,487712
2021,7,12,ok,US,1000291,283545,398298,220589
2021,7,12,on,CA,184556,118160,184556,118160
2021,7,12,or,US,525889,180771,196056,125288
2021,7,12,pa,US,1658696,578683,708039,418542
2021,7,12,pe,CA,1617,990,1617,990
2021,7,12,pr,US,5192,3866,3037,2506
2021,7,12,qc,CA,94014,57635,94014,57635
2021,7,12,ri,US,121225,45209,48129,28443
2021,7,12,sc,US,1188599,342159,448826,250522
2021,7,12,sd,US,173811,52515,66439,36942
2021,7,12,sk,CA,20369,13151,20369,13151
2021,7,12,tn,US,1561113,465500,580646,330839
2021,7,12,tx,US,5807945,1695540,2215599,1268911
2021,7,12,ut,US,467748,147271,178412,104422
2021,7,12,va,US,1217519,384478,481341,279036
2021,7,12,vi,US,32,29,0,0
2021,7,12,vt,US,56056,20678,24410,14566
2021,7,12,wa,US,867013,300284,343811,221980
2021,7,12,wi,US,915311,300141,388774,225730
2021,7,12,wv,US,290201,96666,123243,71785
2021,7,12,wy,US,95923,31991,33905,19740
2021,7,12,yt,CA,257,206,257,206
2021,7,13,ALL,"",55193358,16304561,21385729,12398673
2021,7,13,ALL_CA,CA,485265,311357,485265,311357
2021,7,13,ALL_US,US,54708093,15993452,20900464,12087316
2021,7,13,ab,CA,72133,47705,72133,47705
2021,7,13,ak,US,67776,22833,22870,14991
2021,7,13,al,US,1498846,409368,579562,322232
2021,7,13,ar,US,798532,222549,319181,175973
2021,7,13,as,US,3,3,2,2
2021,7,13,az,US,993813,312840,363950,227169
2021,7,13,bc,CA,58843,38456,58843,38456
2021,7,13,ca,US,4340855,1308969,1545363,960981
2021,7,13,co,US,864159,268908,293031,176508
2021,7,13,ct,US,408716,135752,173269,100403
2021,7,13,dc,US,65205,33555,13280,8821
2021,7,13,de,US,153095,50114,56439,33057
2021,7,13,fl,US,4360426,1176228,1446606,832120
2021,7,13,ga,US,2397374,679797,894799,501430
2021,7,13,gu,US,59,55,49,47
2021,7,13,hi,US,236818,60048,59475,38704
2021,7,13,ia,US,711126,214594,294940,162312
2021,7,13,id,US,264187,84260,103746,61165
2021,7,13,il,US,2091528,652321,836585,481744
2021,7,13,in,US,1268724,392430,526460,298526
2021,7,13,ks,US,642949,190173,265958,145024
2021,7,13,ky,US,864604,262028,346616,197629
2021,7,13,la,US,1052411,297699,409879,229362
2021,7,13,ma,US,702913,246503,277251,163380
2021,7,13,mb,CA,26749,17719,26749,17719
2021,7,13,md,US,751555,252003,290210,172673
2021,7,13,me,US,175250,57634,71092,41929
2021,7,13,mi,US,1538500,503674,650254,376052
2021,7,13,mn,US,863555,280668,343883,201357
2021,7,13,mo,US,1406534,407450,550219,309670
2021,7,13,mp,US,15,14,15,14
2021,7,13,ms,US,778171,216472,308067,172088
2021,7,13,mt,US,151230,50000,53637,32856
2021,7,13,nb,CA,8383,5101,8383,5101
2021,7,13,nc,US,1933333,575145,764352,431116
2021,7,13,nd,US,138652,42549,54435,30297
2021,7,13,ne,US,438358,129506,173030,93213
2021,7,13,nh,US,181375,61773,74869,43471
2021,7,13,nj,US,1318976,407100,536216,300605
2021,7,13,nl,CA,6366,3686,6366,3686
2021,7,13,nm,US,248773,87887,93207,56272
2021,7,13,ns,CA,10578,6620,10578,6620
2021,7,13,nt,CA,305,198,305,198
2021,7,13,nu,CA,152,93,152,93
2021,7,13,nv,US,551972,153546,154119,97515
2021,7,13,ny,US,2269333,761187,884556,519448
2021,7,13,oh,US,2036767,636538,849561,485114
2021,7,13,ok,US,1001023,276807,393576,217193
2021,7,13,on,CA,184593,119132,184593,119132
2021,7,13,or,US,529402,176273,193274,121798
2021,7,13,pa,US,1692546,572445,709852,416290
2021,7,13,pe,CA,1633,989,1633,989
2021,7,13,pr,US,5297,3910,3146,2621
2021,7,13,qc,CA,95265,58700,95265,58700
2021,7,13,ri,US,125209,44418,48289,28218
2021,7,13,sc,US,1202963,339252,447169,249128
2021,7,13,sd,US,176041,52919,66988,37507
2021,7,13,sk,CA,20025,12778,20025,12778
2021,7,13,tn,US,1576058,454536,579424,329400
2021,7,13,tx,US,5888954,1684047,2210929,1261912
2021,7,13,ut,US,466202,144161,176449,102567
2021,7,13,va,US,1233290,380605,482224,278477
2021,7,13,vi,US,44,40,0,0
2021,7,13,vt,US,56670,20823,24420,14723
2021,7,13,wa,US,868649,292734,336804,215262
2021,7,13,wi,US,931587,296610,389612,225304
2021,7,13,wv,US,292236,96447,123359,71930
2021,7,13,wy,US,95454,31929,33916,19743
2021,7,13,yt,CA,240,180,240,180
2021,7,14,ALL,"",55857772,16249788,21329850,12354643
2021,7,14,ALL_CA,CA,480508,307330,480508,307330
2021,7,14,ALL_US,US,55377264,15942699,20849342,12047313
2021,7,14,ab,CA,71886,47635,71886,47635
2021,7,14,ak,US,69561,22934,23179,15024
2021,7,14,al,US,1531411,409958,577948,320834
2021,7,14,ar,US,807686,222245,317779,175427
2021,7,14,as,US,1,1,1,1
2021,7,14,az,US,993902,312035,362607,227533
2021,7,14,bc,CA,58909,38509,58909,38509
2021,7,14,ca,US,4397504,1316023,1552327,965037
2021,7,14,co,US,865198,268074,292105,176060
2021,7,14,ct,US,416698,135633,173181,100245
2021,7,14,dc,US,64998,32906,12939,8544
2021,7,14,de,US,152778,50419,56717,33264
2021,7,14,fl,US,4376290,1165252,1438823,827488
2021,7,14,ga,US,2433428,675987,890020,498128
2021,7,14,gu,US,57,56,41,41
2021,7,14,hi,US,240823,60642,59792,38881
2021,7,14,ia,US,710972,222636,298436,166561
2021,7,14,id,US,267689,84339,103975,61053
2021,7,14,il,US,2115320,652718,840864,483367
2021,7,14,in,US,1298953,389176,526423,295545
2021,7,14,ks,US,652924,192006,265777,145854
2021,7,14,ky,US,890038,261374,345703,195678
2021,7,14,la,US,1073575,298421,407587,228583
2021,7,14,ma,US,712789,246003,278591,163682
2021,7,14,mb,CA,26487,17689,26487,17689
2021,7,14,md,US,756314,254785,289245,172079
2021,7,14,me,US,175451,57887,71008,42077
2021,7,14,mi,US,1596521,503614,652957,372625
2021,7,14,mn,US,842864,281044,337659,200408
2021,7,14,mo,US,1427633,407522,548916,308583
2021,7,14,mp,US,9,8,9,8
2021,7,14,ms,US,790344,216498,306559,170974
2021,7,14,mt,US,154217,49215,53503,32128
2021,7,14,nb,CA,8281,5079,8281,5079
2021,7,14,nc,US,1944818,575314,758479,427845
2021,7,14,nd,US,139613,42559,54306,30264
2021,7,14,ne,US,439357,131540,171728,93867
2021,7,14,nh,US,187135,61871,75252,43214
2021,7,14,nj,US,1328851,406209,536241,300115
2021,7,14,nl,CA,6333,3607,6333,3607
2021,7,14,nm,US,251509,89000,93503,56581
2021,7,14,ns,CA,10530,6560,10530,6560
2021,7,14,nt,CA,275,189,275,189
2021,7,14,nu,CA,151,100,151,100
2021,7,14,nv,US,559395,154541,154507,97703
2021,7,14,ny,US,2290097,754789,876879,514276
2021,7,14,oh,US,2094958,626158,845874,477389
2021,7,14,ok,US,1013816,275630,391127,215880
2021,7,14,on,CA,182006,116084,182006,116084
2021,7,14,or,US,534095,176272,193304,121899
2021,7,14,pa,US,1718669,564338,702479,409189
2021,7,14,pe,CA,1611,983,1611,983
2021,7,14,pr,US,5429,4008,3088,2587
2021,7,14,qc,CA,93902,58012,93902,58012
2021,7,14,ri,US,128503,45163,48651,28459
2021,7,14,sc,US,1222615,339192,445490,247398
2021,7,14,sd,US,175253,52132,65212,36642
2021,7,14,sk,CA,19910,12715,19910,12715
2021,7,14,tn,US,1601394,450673,577304,326726
2021,7,14,tx,US,5972333,1682180,2202296,1258269
2021,7,14,ut,US,469178,143111,176538,102219
2021,7,14,va,US,1238645,380778,479810,277787
2021,7,14,vi,US,41,39,0,0
2021,7,14,vt,US,57866,20808,24460,14595
2021,7,14,wa,US,878152,292588,337377,215664
2021,7,14,wi,US,917927,309039,395814,232785
2021,7,14,wv,US,294406,95832,121760,71067
2021,7,14,wy,US,97261,31439,33192,19204
2021,7,14,yt,CA,227,168,227,168
2021,7,15,ALL,"",57134779,16208832,21162401,12227849
2021,7,15,ALL_CA,CA,474117,302413,474117,302413
2021,7,15,ALL_US,US,56660662,15906675,20688284,11925436
2021,7,15,ab,CA,70720,46853,70720,46853
2021,7,15,ak,US,71890,22834,23534,14927
2021,7,15,al,US,1576531,413058,576709,319000
2021,7,15,ar,US,831887,224156,317638,174920
2021,7,15,as,US,1,1,1,1
2021,7,15,az,US,1025358,309578,363470,224824
2021,7,15,bc,CA,57670,37615,57670,37615
2021,7,15,ca,US,4466293,1311140,1541136,952837
2021,7,15,co,US,889347,264358,287659,172056
2021,7,15,ct,US,425646,135455,171077,98402
2021,7,15,dc,US,67735,33607,12731,8459
2021,7,15,de,US,155653,50560,55821,32840
2021,7,15,fl,US,4511545,1170492,1435606,823418
2021,7,15,ga,US,2522300,681905,886514,494513
2021,7,15,gu,US,68,64,49,49
2021,7,15,hi,US,244940,60176,59431,38487
2021,7,15,ia,US,730177,213196,288064,158008
2021,7,15,id,US,270843,84613,102331,60283
2021,7,15,il,US,2116284,654613,828819,480946
2021,7,15,in,US,1330036,398523,530703,298842
2021,7,15,ks,US,653081,194018,260736,144964
2021,7,15,ky,US,914714,264052,347563,195209
2021,7,15,la,US,1089463,299893,402996,226618
2021,7,15,ma,US,729493,246002,274096,160700
2021,7,15,mb,CA,26569,17632,26569,17632
2021,7,15,md,US,772015,256399,284529,169600
2021,7,15,me,US,182841,57921,70912,41466
2021,7,15,mi,US,1612618,509376,641622,369195
2021,7,15,mn,US,887396,276389,333916,194490
2021,7,15,mo,US,1441570,414815,545906,310059
2021,7,15,mp,US,16,15,16,15
2021,7,15,ms,US,817746,218666,307083,170414
2021,7,15,mt,US,154972,49298,52720,31821
2021,7,15,nb,CA,8098,4997,8098,4997
2021,7,15,nc,US,2002427,578845,753187,423808
2021,7,15,nd,US,143232,42876,52847,29529
2021,7,15,ne,US,448237,130784,168331,91215
2021,7,15,nh,US,193121,61867,74561,42542
2021,7,15,nj,US,1352148,405444,529227,296702
2021,7,15,nl,CA,6189,3581,6189,3581
2021,7,15,nm,US,259237,89872,92394,55639
2021,7,15,ns,CA,10081,6403,10081,6403
2021,7,15,nt,CA,270,187,270,187
2021,7,15,nu,CA,140,87,140,87
2021,7,15,nv,US,570890,152947,152817,95596
2021,7,15,ny,US,2335161,755661,868446,508191
2021,7,15,oh,US,2136998,634862,848819,478357
2021,7,15,ok,US,1041574,277793,391887,215308
2021,7,15,on,CA,179390,114279,179390,114279
2021,7,15,or,US,541317,175955,190803,120118
2021,7,15,pa,US,1747738,567716,697194,405993
2021,7,15,pe,CA,1537,958,1537,958
2021,7,15,pr,US,5199,3869,2955,2499
2021,7,15,qc,CA,93657,57173,93657,57173
2021,7,15,ri,US,133095,45535,48385,28060
2021,7,15,sc,US,1254466,342412,444432,246441
2021,7,15,sd,US,180316,51632,64580,35735
2021,7,15,sk,CA,19571,12487,19571,12487
2021,7,15,tn,US,1648251,455082,575685,324870
2021,7,15,tx,US,6128918,1678152,2187650,1245987
2021,7,15,ut,US,471656,141190,172348,100535
2021,7,15,va,US,1271038,383767,476464,275088
2021,7,15,vi,US,49,44,0,0
2021,7,15,vt,US,58395,20520,24200,14334
2021,7,15,wa,US,886347,291441,333774,212713
2021,7,15,wi,US,954299,294481,379816,219503
2021,7,15,wv,US,304915,96765,121701,70510
2021,7,15,wy,US,99179,31618,32393,18832
2021,7,15,yt,CA,225,161,225,161
2021,7,16,ALL,"",59214779,16340454,20696577,11998923
2021,7,16,ALL_CA,CA,466875,298708,466875,298708
2021,7,16,ALL_US,US,58747904,16042048,20229702,11700215
2021,7,16,ab,CA,69810,46498,69810,46498
2021,7,16,ak,US,74250,23217,23208,14711
2021,7,16,al,US,1655288,423848,563572,313245
2021,7,16,ar,US,857738,231421,308873,172198
2021,7,16,as,US,1,1,1,1
2021,7,16,az,US,1080016,316144,365741,223227
2021,7,16,bc,CA,57594,37483,57594,37483
2021,7,16,ca,US,4683547,1337461,1551798,945863
2021,7,16,co,US,932932,271421,284786,168608
2021,7,16,ct,US,437760,139036,167823,97671
2021,7,16,dc,US,73520,35834,12721,8334
2021,7,16,de,US,161522,52752,54898,32484
2021,7,16,fl,US,4688016,1190028,1411840,811009
2021,7,16,ga,US,2643429,694067,867002,485970
2021,7,16,gu,US,60,57,39,37
2021,7,16,hi,US,257168,61232,61128,38463
2021,7,16,ia,US,760631,213947,276235,151599
2021,7,16,id,US,281632,85854,100590,58772
2021,7,16,il,US,2187730,657356,799250,465750
2021,7,16,in,US,1363100,406443,511012,292478
2021,7,16,ks,US,682558,192452,252974,139654
2021,7,16,ky,US,949543,272801,340134,192635
2021,7,16,la,US,1127221,304881,392856,221821
2021,7,16,ma,US,742104,249118,267950,159060
2021,7,16,mb,CA,26180,17498,26180,17498
2021,7,16,md,US,804341,259218,280373,167218
2021,7,16,me,US,188133,59314,68890,40864
2021,7,16,mi,US,1573304,499661,604049,356335
2021,7,16,mn,US,889146,275750,314959,184938
2021,7,16,mo,US,1540706,422829,525528,298869
2021,7,16,mp,US,10,10,10,10
2021,7,16,ms,US,852055,226328,300587,168079
2021,7,16,mt,US,158482,49885,51117,31095
2021,7,16,nb,CA,7723,4852,7723,4852
2021,7,16,nc,US,2081292,587102,739253,416678
2021,7,16,nd,US,144056,43001,48979,28128
2021,7,16,ne,US,460437,130594,162705,88693
2021,7,16,nh,US,200782,64330,72092,41856
2021,7,16,nj,US,1383630,413391,514922,292149
2021,7,16,nl,CA,5538,3391,5538,3391
2021,7,16,nm,US,271332,91700,91300,54508
2021,7,16,ns,CA,9810,6277,9810,6277
2021,7,16,nt,CA,292,197,292,197
2021,7,16,nu,CA,127,81,127,81
2021,7,16,nv,US,610575,157878,154532,95384
2021,7,16,ny,US,2359674,762532,843080,500915
2021,7,16,oh,US,2170880,646271,820452,472337
2021,7,16,ok,US,1084060,287622,383086,212896
2021,7,16,on,CA,178026,113046,178026,113046
2021,7,16,or,US,565037,179991,190995,118986
2021,7,16,pa,US,1786902,575914,679234,400786
2021,7,16,pe,CA,1476,932,1476,932
2021,7,16,pr,US,5497,3943,2984,2474
2021,7,16,qc,CA,90843,55867,90843,55867
2021,7,16,ri,US,134030,45192,47749,27913
2021,7,16,sc,US,1298063,348976,435774,242517
2021,7,16,sd,US,185950,52973,60286,34151
2021,7,16,sk,CA,19246,12429,19246,12429
2021,7,16,tn,US,1735799,474190,568711,321292
2021,7,16,tx,US,6423822,1701476,2150666,1218627
2021,7,16,ut,US,491291,144046,169743,98157
2021,7,16,va,US,1324813,387977,466030,270010
2021,7,16,vi,US,68,58,0,0
2021,7,16,vt,US,60998,21426,23680,14260
2021,7,16,wa,US,920078,296084,328897,207954
2021,7,16,wi,US,984931,296575,365037,211029
2021,7,16,wv,US,316470,100874,118081,69311
2021,7,16,wy,US,101494,31929,31490,18236
2021,7,16,yt,CA,210,157,210,157
2021,7,17,ALL,"",56235211,16008622,19973847,11641574
2021,7,17,ALL_CA,CA,444444,286716,444444,286716
2021,7,17,ALL_US,US,55790767,15722094,19529403,11354858
2021,7,17,ab,CA,67386,45322,67386,45322
2021,7,17,ak,US,67798,22511,22096,14107
2021,7,17,al,US,1543323,428998,534965,303718
2021,7,17,ar,US,770685,227267,293144,167653
2021,7,17,as,US,1,1,1,1
2021,7,17,az,US,1030011,303088,357042,214839
2021,7,17,bc,CA,56983,36906,56983,36906
2021,7,17,ca,US,4497922,1300865,1510567,916771
2021,7,17,co,US,902772,265633,279170,164370
2021,7,17,ct,US,412409,139200,166238,97426
2021,7,17,dc,US,69061,33866,12516,8226
2021,7,17,de,US,159301,55187,54032,32497
2021,7,17,fl,US,4512086,1180600,1366694,790523
2021,7,17,ga,US,2551628,689964,842441,474772
2021,7,17,gu,US,67,61,43,41
2021,7,17,hi,US,248319,61306,61842,38181
2021,7,17,ia,US,704598,207103,259864,143578
2021,7,17,id,US,263069,83627,97100,56990
2021,7,17,il,US,2117941,636426,779449,448422
2021,7,17,in,US,1308271,390907,486044,277653
2021,7,17,ks,US,634851,186834,240189,134674
2021,7,17,ky,US,881137,267007,321316,185950
2021,7,17,la,US,1045071,298289,375406,215144
2021,7,17,ma,US,700168,245821,263954,157158
2021,7,17,mb,CA,24530,16611,24530,16611
2021,7,17,md,US,776979,260754,275447,165914
2021,7,17,me,US,176594,58271,66344,39400
2021,7,17,mi,US,1518602,477196,580557,337334
2021,7,17,mn,US,827973,263354,296577,174099
2021,7,17,mo,US,1470531,415363,509753,289551
2021,7,17,mp,US,10,10,10,10
2021,7,17,ms,US,784483,226526,285204,163410
2021,7,17,mt,US,143915,48065,47769,29669
2021,7,17,nb,CA,7244,4581,7244,4581
2021,7,17,nc,US,1979613,587401,717535,408102
2021,7,17,nd,US,126116,39779,43773,25654
2021,7,17,ne,US,428224,127928,153649,85089
2021,7,17,nh,US,194566,65010,70644,41214
2021,7,17,nj,US,1330010,423906,503317,291018
2021,7,17,nl,CA,5175,3201,5175,3201
2021,7,17,nm,US,253992,89174,87790,53156
2021,7,17,ns,CA,9243,5991,9243,5991
2021,7,17,nt,CA,255,175,255,175
2021,7,17,nu,CA,131,88,131,88
2021,7,17,nv,US,599384,155455,152681,94013
2021,7,17,ny,US,2156062,754927,813102,494320
2021,7,17,oh,US,2059446,621775,775058,450737
2021,7,17,ok,US,996366,283060,368717,207748
2021,7,17,on,CA,171476,109281,171476,109281
2021,7,17,or,US,534648,174348,184847,114935
2021,7,17,pa,US,1686726,570594,661185,393676
2021,7,17,pe,CA,1395,876,1395,876
2021,7,17,pr,US,5980,4623,3820,3262
2021,7,17,qc,CA,82440,51612,82440,51612
2021,7,17,ri,US,128939,44968,47348,27866
2021,7,17,sc,US,1240591,350749,420180,236636
2021,7,17,sd,US,170281,51102,55587,31904
2021,7,17,sk,CA,17986,11925,17986,11925
2021,7,17,tn,US,1633917,470490,549192,314616
2021,7,17,tx,US,6160485,1664459,2085273,1178930
2021,7,17,ut,US,484519,140887,168570,95780
2021,7,17,va,US,1264064,389668,454056,265452
2021,7,17,vi,US,47,43,0,0
2021,7,17,vt,US,55513,21109,22593,13964
2021,7,17,wa,US,878126,286306,319001,200123
2021,7,17,wi,US,921242,289135,343950,199569
2021,7,17,wv,US,289532,100010,112748,67700
2021,7,17,wy,US,92802,31543,29013,17339
2021,7,17,yt,CA,200,147,200,147
2021,7,18,ALL,"",50773071,15793140,20993863,12190896
2021,7,18,ALL_CA,CA,473238,304955,473238,304955
2021,7,18,ALL_US,US,50299833,15488337,20520625,11885941
2021,7,18,ab,CA,71296,48707,71296,48707
2021,7,18,ak,US,62351,22698,23068,14905
2021,7,18,al,US,1357133,413619,568165,319708
2021,7,18,ar,US,675239,222999,307138,175538
2021,7,18,as,US,1,1,1,1
2021,7,18,az,US,928763,302608,365021,224757
2021,7,18,bc,CA,58645,38255,58645,38255
2021,7,18,ca,US,4164352,1287925,1540496,947732
2021,7,18,co,US,831911,263031,291517,172083
2021,7,18,ct,US,375050,134855,167565,98701
2021,7,18,dc,US,60863,31128,12834,8449
2021,7,18,de,US,140026,51615,54433,32529
2021,7,18,fl,US,4007116,1142845,1402404,814551
2021,7,18,ga,US,2224733,675534,885783,498328
2021,7,18,gu,US,70,68,47,47
2021,7,18,hi,US,229177,60244,60977,38702
2021,7,18,ia,US,631003,207630,285533,156602
2021,7,18,id,US,228139,83823,102174,60838
2021,7,18,il,US,1944059,636537,827847,474159
2021,7,18,in,US,1180616,386608,524422,292828
2021,7,18,ks,US,569836,184063,256078,142283
2021,7,18,ky,US,788448,260837,343570,194298
2021,7,18,la,US,914110,293844,397544,226322
2021,7,18,ma,US,627356,239187,268938,162410
2021,7,18,mb,CA,26568,18213,26568,18213
2021,7,18,md,US,713764,250041,283575,167876
2021,7,18,me,US,154716,57177,67501,41491
2021,7,18,mi,US,1405451,478303,635616,361986
2021,7,18,mn,US,778430,268567,335220,193664
2021,7,18,mo,US,1305758,408823,544112,305890
2021,7,18,mp,US,14,13,14,13
2021,7,18,ms,US,677458,219617,304787,171716
2021,7,18,mt,US,131103,48282,50905,31863
2021,7,18,nb,CA,8239,5092,8239,5092
2021,7,18,nc,US,1738094,569979,748112,425780
2021,7,18,nd,US,117929,42015,51530,30071
2021,7,18,ne,US,387279,127069,167301,91941
2021,7,18,nh,US,170304,63246,71327,42720
2021,7,18,nj,US,1220648,406684,512365,294768
2021,7,18,nl,CA,6127,3513,6127,3513
2021,7,18,nm,US,227102,87049,90342,55556
2021,7,18,ns,CA,10205,6329,10205,6329
2021,7,18,nt,CA,273,185,273,185
2021,7,18,nu,CA,127,89,127,89
2021,7,18,nv,US,542831,154949,153216,96459
2021,7,18,ny,US,2029397,736631,842888,507806
2021,7,18,oh,US,1919340,612368,842342,471649
2021,7,18,ok,US,898576,281215,389755,219332
2021,7,18,on,CA,182225,115178,182225,115178
2021,7,18,or,US,491261,173847,190571,119976
2021,7,18,pa,US,1561307,553494,684692,402567
2021,7,18,pe,CA,1571,935,1571,935
2021,7,18,pr,US,7597,5716,5150,4203
2021,7,18,qc,CA,88413,55450,88413,55450
2021,7,18,ri,US,117265,43036,48086,28392
2021,7,18,sc,US,1084171,339925,442404,248485
2021,7,18,sd,US,154974,51341,63279,35949
2021,7,18,sk,CA,19332,12848,19332,12848
2021,7,18,tn,US,1414773,454617,573043,326739
2021,7,18,tx,US,5500800,1649955,2192787,1243374
2021,7,18,ut,US,387957,141260,177320,102129
2021,7,18,va,US,1144458,376109,475780,274902
2021,7,18,vi,US,28,26,0,0
2021,7,18,vt,US,48646,20433,23191,14416
2021,7,18,wa,US,818687,287307,333658,211354
2021,7,18,wi,US,860391,290961,383520,218199
2021,7,18,wv,US,263621,95828,118911,69880
2021,7,18,wy,US,85351,31552,31770,19060
2021,7,18,yt,CA,217,161,217,161
2021,7,19,ALL,"",54665700,16303974,21377692,12427788
2021,7,19,ALL_CA,CA,474186,306819,474186,306819
2021,7,19,ALL_US,US,54191514,15997383,20903506,12120969
2021,7,19,ab,CA,72423,49076,72423,49076
2021,7,19,ak,US,68494,23581,23259,15270
2021,7,19,al,US,1443513,412465,574039,323430
2021,7,19,ar,US,790275,226212,319821,177236
2021,7,19,as,US,3,3,2,2
2021,7,19,az,US,1001360,311619,369630,230000
2021,7,19,bc,CA,58330,38667,58330,38667
2021,7,19,ca,US,4349987,1338238,1556678,973929
2021,7,19,co,US,866498,270081,293454,176096
2021,7,19,ct,US,404995,136574,173676,100629
2021,7,19,dc,US,66020,33298,13146,8782
2021,7,19,de,US,149647,50324,56897,33522
2021,7,19,fl,US,4303875,1179586,1449408,835809
2021,7,19,ga,US,2355473,682239,892070,504781
2021,7,19,gu,US,58,57,43,43
2021,7,19,hi,US,237256,61270,59438,39097
2021,7,19,ia,US,694840,209315,290184,158168
2021,7,19,id,US,263538,86137,104705,62422
2021,7,19,il,US,2072198,650827,839623,483037
2021,7,19,in,US,1264807,389117,529167,296524
2021,7,19,ks,US,628175,187960,263149,144089
2021,7,19,ky,US,870025,260004,349006,196489
2021,7,19,la,US,1022840,298592,408413,230403
2021,7,19,ma,US,689496,244319,276940,164719
2021,7,19,mb,CA,26864,18229,26864,18229
2021,7,19,md,US,744283,253673,290453,173232
2021,7,19,me,US,173149,57779,70591,42063
2021,7,19,mi,US,1540559,490985,651607,372384
2021,7,19,mn,US,842198,279446,340296,199269
2021,7,19,mo,US,1415729,412998,550562,310290
2021,7,19,mp,US,15,15,15,15
2021,7,19,ms,US,774524,219861,310364,173562
2021,7,19,mt,US,150782,50343,54609,33368
2021,7,19,nb,CA,8116,5126,8116,5126
2021,7,19,nc,US,1849092,578604,747101,431112
2021,7,19,nd,US,143571,45359,56020,31618
2021,7,19,ne,US,432221,129224,173275,93385
2021,7,19,nh,US,181312,62271,74361,43364
2021,7,19,nj,US,1322888,410734,538696,301850
2021,7,19,nl,CA,6104,3612,6104,3612
2021,7,19,nm,US,248627,88146,93764,56864
2021,7,19,ns,CA,10215,6527,10215,6527
2021,7,19,nt,CA,291,185,291,185
2021,7,19,nu,CA,132,89,132,89
2021,7,19,nv,US,560904,156415,155417,98982
2021,7,19,ny,US,2255875,758565,883870,518871
2021,7,19,oh,US,2042895,624439,850333,479171
2021,7,19,ok,US,1003328,282798,397993,220134
2021,7,19,on,CA,180570,115510,180570,115510
2021,7,19,or,US,524122,178929,193227,123056
2021,7,19,pa,US,1672844,562464,703683,411334
2021,7,19,pe,CA,1548,965,1548,965
2021,7,19,pr,US,7265,5481,4475,3803
2021,7,19,qc,CA,89391,55628,89391,55628
2021,7,19,ri,US,122475,43185,49151,28984
2021,7,19,sc,US,1179482,342252,448562,251562
2021,7,19,sd,US,173469,51981,66146,36582
2021,7,19,sk,CA,19951,13012,19951,13012
2021,7,19,tn,US,1561892,458128,580118,330444
2021,7,19,tx,US,5821603,1704673,2214052,1273106
2021,7,19,ut,US,463005,144756,176349,103431
2021,7,19,va,US,1210044,378797,479338,278607
2021,7,19,vi,US,48,42,0,0
2021,7,19,vt,US,56334,20852,24587,14868
2021,7,19,wa,US,868315,297943,338422,217037
2021,7,19,wi,US,919580,294700,387450,223511
2021,7,19,wv,US,289559,95852,121953,70915
2021,7,19,wy,US,96152,31676,33918,19736
2021,7,19,yt,CA,251,193,251,193
2021,7,20,ALL,"",55385569,16232215,21365577,12397136
2021,7,20,ALL_CA,CA,484133,312536,484133,312536
2021,7,20,ALL_US,US,54901436,15919919,20881444,12084600
2021,7,20,ab,CA,72044,48427,72044,48427
2021,7,20,ak,US,67943,22977,22972,15038
2021,7,20,al,US,1484212,410349,575791,322912
2021,7,20,ar,US,801868,224716,318295,176037
2021,7,20,as,US,2,2,2,2
2021,7,20,az,US,1005034,310984,369214,230852
2021,7,20,bc,CA,59301,39026,59301,39026
2021,7,20,ca,US,4377488,1316040,1549982,965659
2021,7,20,co,US,872628,267337,293090,175665
2021,7,20,ct,US,410786,134522,173399,99689
2021,7,20,dc,US,67586,33778,13121,8791
2021,7,20,de,US,149393,49634,56503,33163
2021,7,20,fl,US,4372417,1185627,1449207,837030
2021,7,20,ga,US,2366007,675379,890067,504383
2021,7,20,gu,US,46,44,37,35
2021,7,20,hi,US,239842,61898,59186,38987
2021,7,20,ia,US,700890,208096,288557,157964
2021,7,20,id,US,265645,84565,104460,61914
2021,7,20,il,US,2101530,645476,837355,480421
2021,7,20,in,US,1281607,388252,529111,295876
2021,7,20,ks,US,639692,187393,262713,143682
2021,7,20,ky,US,870809,257622,347437,195840
2021,7,20,la,US,1035775,296159,405044,229733
2021,7,20,ma,US,709027,241626,277724,162763
2021,7,20,mb,CA,26509,17971,26509,17971
2021,7,20,md,US,751878,250336,289566,172462
2021,7,20,me,US,176487,58211,71792,42251
2021,7,20,mi,US,1558590,490443,654656,373550
2021,7,20,mn,US,860145,278173,340676,199601
2021,7,20,mo,US,1428490,410881,548013,309324
2021,7,20,mp,US,15,15,15,15
2021,7,20,ms,US,781775,218608,309964,173842
2021,7,20,mt,US,152231,49997,54231,32956
2021,7,20,nb,CA,8526,5345,8526,5345
2021,7,20,nc,US,1907552,572462,754111,428881
2021,7,20,nd,US,144591,44475,55115,31053
2021,7,20,ne,US,437230,128049,172278,92989
2021,7,20,nh,US,183919,62113,75974,43764
2021,7,20,nj,US,1332212,409353,537835,301199
2021,7,20,nl,CA,6345,3803,6345,3803
2021,7,20,nm,US,249909,88312,93505,56931
2021,7,20,ns,CA,10864,6871,10864,6871
2021,7,20,nt,CA,306,201,306,201
2021,7,20,nu,CA,147,98,147,98
2021,7,20,nv,US,562073,153767,154501,98047
2021,7,20,ny,US,2280447,762492,886242,520756
2021,7,20,oh,US,2071704,622236,850443,479110
2021,7,20,ok,US,1014269,281239,396130,219117
2021,7,20,on,CA,185693,119038,185693,119038
2021,7,20,or,US,527946,175942,192957,122237
2021,7,20,pa,US,1692108,561366,705927,412999
2021,7,20,pe,CA,1616,1006,1616,1006
2021,7,20,pr,US,8034,5919,4979,4106
2021,7,20,qc,CA,92561,57693,92561,57693
2021,7,20,ri,US,126357,42621,48867,28287
2021,7,20,sc,US,1184673,339667,445431,250433
2021,7,20,sd,US,175147,51559,66018,36531
2021,7,20,sk,CA,19987,12877,19987,12877
2021,7,20,tn,US,1594004,455248,579940,329014
2021,7,20,tx,US,5938093,1684933,2214018,1266197
2021,7,20,ut,US,464757,142477,175891,102480
2021,7,20,va,US,1229447,377045,479404,277256
2021,7,20,vi,US,47,42,0,0
2021,7,20,vt,US,57347,21225,25044,15015
2021,7,20,wa,US,868353,292235,335021,214903
2021,7,20,wi,US,933208,294694,384115,222139
2021,7,20,wv,US,291809,95287,122092,71190
2021,7,20,wy,US,96362,31599,33426,19559
2021,7,20,yt,CA,234,180,234,180
2021,7,21,ALL,"",55540505,15958400,21151952,12235576
2021,7,21,ALL_CA,CA,474407,304641,474407,304641
2021,7,21,ALL_US,US,55066098,15654035,20677545,11930935
2021,7,21,ab,CA,70763,47310,70763,47310
2021,7,21,ak,US,67474,22903,22555,14864
2021,7,21,al,US,1509533,406937,570574,319200
2021,7,21,ar,US,806087,226056,316148,174809
2021,7,21,az,US,1016651,307533,371027,229192
2021,7,21,bc,CA,58480,38462,58480,38462
2021,7,21,ca,US,4377697,1293604,1545073,958602
2021,7,21,co,US,862294,263448,289342,174147
2021,7,21,ct,US,410412,133916,171599,98599
2021,7,21,dc,US,67868,32913,13151,8770
2021,7,21,de,US,149588,49677,56082,33080
2021,7,21,fl,US,4402482,1167279,1434284,823692
2021,7,21,ga,US,2426520,671814,889502,499381
2021,7,21,gu,US,50,46,43,41
2021,7,21,hi,US,240464,61831,59720,39127
2021,7,21,ia,US,704404,207087,286858,156658
2021,7,21,id,US,265553,83674,102639,60648
2021,7,21,il,US,2085536,631545,824926,474021
2021,7,21,in,US,1291055,383751,523680,292953
2021,7,21,ks,US,642357,185852,258640,141322
2021,7,21,ky,US,875692,256637,344823,193938
2021,7,21,la,US,1057771,293545,403386,226712
2021,7,21,ma,US,704759,236376,276811,161647
2021,7,21,mb,CA,25423,17030,25423,17030
2021,7,21,md,US,751171,246658,287422,171423
2021,7,21,me,US,177677,57391,70686,41402
2021,7,21,mi,US,1570686,476608,644604,366011
2021,7,21,mn,US,859548,271010,333835,195384
2021,7,21,mo,US,1430321,406851,542277,305650
2021,7,21,mp,US,12,12,12,12
2021,7,21,ms,US,794733,217308,307696,171812
2021,7,21,mt,US,150624,48808,53337,32249
2021,7,21,nb,CA,8286,5256,8286,5256
2021,7,21,nc,US,1919569,563753,747196,423051
2021,7,21,nd,US,142896,42934,53438,29991
2021,7,21,ne,US,432687,124599,170210,91485
2021,7,21,nh,US,187511,61002,74765,42654
2021,7,21,nj,US,1309485,404978,531339,298719
2021,7,21,nl,CA,6188,3654,6188,3654
2021,7,21,nm,US,252849,86769,92279,55787
2021,7,21,ns,CA,10639,6723,10639,6723
2021,7,21,nt,CA,296,189,296,189
2021,7,21,nu,CA,138,92,138,92
2021,7,21,nv,US,564493,153721,152751,96379
2021,7,21,ny,US,2260802,742646,870169,510532
2021,7,21,oh,US,2077916,612502,840724,473154
2021,7,21,ok,US,1014503,277968,388737,214813
2021,7,21,on,CA,182250,115750,182250,115750
2021,7,21,or,US,528103,172358,190442,119926
2021,7,21,pa,US,1701400,550647,696746,406243
2021,7,21,pe,CA,1569,980,1569,980
2021,7,21,pr,US,8316,6130,5301,4311
2021,7,21,qc,CA,90607,56565,90607,56565
2021,7,21,ri,US,123503,41674,48359,28090
2021,7,21,sc,US,1220891,338556,444153,247357
2021,7,21,sd,US,175103,51354,64973,36193
2021,7,21,sk,CA,19544,12459,19544,12459
2021,7,21,tn,US,1605377,452245,575906,325538
2021,7,21,tx,US,5904166,1645076,2185872,1248483
2021,7,21,ut,US,462838,139537,174503,101171
2021,7,21,va,US,1229848,374914,476231,275210
2021,7,21,vi,US,40,30,0,0
2021,7,21,vt,US,56549,20281,24076,14370
2021,7,21,wa,US,867585,287144,332208,212533
2021,7,21,wi,US,930315,290364,382766,220143
2021,7,21,wv,US,292758,94814,120505,70264
2021,7,21,wy,US,97576,31686,33164,19223
2021,7,21,yt,CA,224,171,224,171
2021,7,22,ALL,"",55983702,15853997,20914559,12105503
2021,7,22,ALL_CA,CA,477774,307267,477774,307267
2021,7,22,ALL_US,US,55505928,15546995,20436785,11798236
2021,7,22,ab,CA,72035,48828,72035,48828
2021,7,22,ak,US,68829,22766,22716,14798
2021,7,22,al,US,1522780,404026,565313,314905
2021,7,22,ar,US,811596,224487,313438,172783
2021,7,22,as,US,2,2,2,2
2021,7,22,az,US,1030130,311172,371752,230604
2021,7,22,bc,CA,58652,38798,58652,38798
2021,7,22,ca,US,4428149,1314915,1544627,963764
2021,7,22,co,US,872715,264590,286758,172410
2021,7,22,ct,US,415191,133091,168615,97294
2021,7,22,dc,US,69804,33884,13014,8644
2021,7,22,de,US,153176,49740,55296,32428
2021,7,22,fl,US,4376099,1142649,1405790,808543
2021,7,22,ga,US,2455210,673003,877386,491439
2021,7,22,gu,US,44,42,33,32
2021,7,22,hi,US,245570,62585,60402,39220
2021,7,22,ia,US,708502,208462,282850,155024
2021,7,22,id,US,266119,83309,100655,59555
2021,7,22,il,US,2100916,631476,816749,469343
2021,7,22,in,US,1295901,380431,515984,288580
2021,7,22,ks,US,642233,183908,254903,139340
2021,7,22,ky,US,889448,256604,340795,191760
2021,7,22,la,US,1064850,291176,396404,223046
2021,7,22,ma,US,716041,236327,271385,158959
2021,7,22,mb,CA,26366,17631,26366,17631
2021,7,22,md,US,757311,244669,283677,168928
2021,7,22,me,US,179845,56409,69921,40893
2021,7,22,mi,US,1561505,472651,631268,360936
2021,7,22,mn,US,852910,269352,326172,191503
2021,7,22,mo,US,1450514,405918,538466,302848
2021,7,22,mp,US,9,9,9,9
2021,7,22,ms,US,802764,215796,305734,169595
2021,7,22,mt,US,150957,48337,52375,31923
2021,7,22,nb,CA,8260,5138,8260,5138
2021,7,22,nc,US,1922066,558504,736191,416406
2021,7,22,nd,US,141335,42918,52733,29952
2021,7,22,ne,US,437325,125126,168173,90426
2021,7,22,nh,US,190944,60296,73535,41891
2021,7,22,nj,US,1350509,404866,527927,295186
2021,7,22,nl,CA,6019,3597,6019,3597
2021,7,22,nm,US,256816,88197,91635,55463
2021,7,22,ns,CA,10390,6684,10390,6684
2021,7,22,nt,CA,293,199,293,199
2021,7,22,nu,CA,151,99,151,99
2021,7,22,nv,US,574433,156993,151839,96490
2021,7,22,ny,US,2306917,742420,863173,505084
2021,7,22,oh,US,2089658,607181,829059,466478
2021,7,22,ok,US,1023138,276053,385566,212348
2021,7,22,on,CA,183133,116174,183133,116174
2021,7,22,or,US,537107,174891,190580,120228
2021,7,22,pa,US,1718029,546697,687523,400156
2021,7,22,pe,CA,1597,1007,1597,1007
2021,7,22,pr,US,8531,6227,5245,4305
2021,7,22,qc,CA,90719,56094,90719,56094
2021,7,22,ri,US,124756,41532,47868,27884
2021,7,22,sc,US,1220578,336287,439489,244169
2021,7,22,sd,US,174385,50856,64035,35734
2021,7,22,sk,CA,19917,12840,19917,12840
2021,7,22,tn,US,1617508,452454,569043,321268
2021,7,22,tx,US,5948811,1634414,2155689,1231465
2021,7,22,ut,US,467475,142503,172080,101208
2021,7,22,va,US,1246659,372571,470157,271561
2021,7,22,vi,US,34,28,0,0
2021,7,22,vt,US,57529,20090,23960,14236
2021,7,22,wa,US,882188,288334,331598,211673
2021,7,22,wi,US,927043,286019,375534,217236
2021,7,22,wv,US,295639,95183,119136,69436
2021,7,22,wy,US,97395,31182,32528,18870
2021,7,22,yt,CA,242,178,242,178
2021,7,23,ALL,"",57816082,15759822,20333584,11761199
2021,7,23,ALL_CA,CA,465842,299426,465842,299426
2021,7,23,ALL_US,US,57350240,15460705,19867742,11461773
2021,7,23,ab,CA,70259,47154,70259,47154
2021,7,23,ak,US,69955,22851,22432,14535
2021,7,23,al,US,1590112,410781,551559,306665
2021,7,23,ar,US,837723,223315,303726,167789
2021,7,23,as,US,2,2,2,2
2021,7,23,az,US,1049213,307052,365162,223160
2021,7,23,bc,CA,58147,37872,58147,37872
2021,7,23,ca,US,4612879,1310420,1534341,940509
2021,7,23,co,US,900471,264258,280417,166547
2021,7,23,ct,US,424127,133251,165065,94813
2021,7,23,dc,US,68316,32286,12364,8225
2021,7,23,de,US,159098,51537,53435,31646
2021,7,23,fl,US,4476070,1144011,1374100,793341
2021,7,23,ga,US,2568758,676025,860345,480782
2021,7,23,gu,US,52,50,41,39
2021,7,23,hi,US,254314,63144,60597,38669
2021,7,23,ia,US,737031,208923,271756,149254
2021,7,23,id,US,274212,83108,98226,57596
2021,7,23,il,US,2151382,632350,790466,456002
2021,7,23,in,US,1354774,384121,500086,281433
2021,7,23,ks,US,657540,184594,246285,134654
2021,7,23,ky,US,929841,262455,331541,186911
2021,7,23,la,US,1106519,293067,385338,216254
2021,7,23,ma,US,726950,239388,263430,155624
2021,7,23,mb,CA,25832,17261,25832,17261
2021,7,23,md,US,781562,246684,274522,163292
2021,7,23,me,US,183453,57090,67566,39930
2021,7,23,mi,US,1566116,477102,600524,350278
2021,7,23,mn,US,862749,270674,310933,184518
2021,7,23,mo,US,1512442,412244,521749,293857
2021,7,23,mp,US,8,8,8,8
2021,7,23,ms,US,844336,219923,298719,165518
2021,7,23,mt,US,150812,46626,49149,29745
2021,7,23,nb,CA,7822,4902,7822,4902
2021,7,23,nc,US,2017993,562344,717995,404907
2021,7,23,nd,US,136573,41246,47834,27616
2021,7,23,ne,US,446494,125777,160028,87027
2021,7,23,nh,US,196400,62119,70523,40685
2021,7,23,nj,US,1370684,402774,507055,285964
2021,7,23,nl,CA,5693,3477,5693,3477
2021,7,23,nm,US,265728,89554,89361,53928
2021,7,23,ns,CA,9949,6399,9949,6399
2021,7,23,nt,CA,273,184,273,184
2021,7,23,nu,CA,155,102,155,102
2021,7,23,nv,US,605626,157798,150267,93950
2021,7,23,ny,US,2324024,736658,828786,488841
2021,7,23,oh,US,2151007,607637,797114,452303
2021,7,23,ok,US,1063643,279455,377960,208977
2021,7,23,on,CA,179252,113958,179252,113958
2021,7,23,or,US,552244,174303,187748,116793
2021,7,23,pa,US,1756278,542818,659497,386169
2021,7,23,pe,CA,1536,954,1536,954
2021,7,23,pr,US,8158,5974,5032,4160
2021,7,23,qc,CA,87779,54675,87779,54675
2021,7,23,ri,US,128278,41876,46843,27217
2021,7,23,sc,US,1264729,338253,426616,237550
2021,7,23,sd,US,177505,51641,59673,34020
2021,7,23,sk,CA,18921,12322,18921,12322
2021,7,23,tn,US,1695265,459134,558858,314344
2021,7,23,tx,US,6243479,1628802,2109310,1195433
2021,7,23,ut,US,470854,138971,164402,95537
2021,7,23,va,US,1294983,374037,456986,264132
2021,7,23,vi,US,33,28,0,0
2021,7,23,vt,US,58619,19982,22963,13619
2021,7,23,wa,US,908054,286047,325767,204683
2021,7,23,wi,US,954338,287981,357070,206766
2021,7,23,wv,US,308081,97681,115345,67638
2021,7,23,wy,US,100353,31714,30825,17942
2021,7,23,yt,CA,224,166,224,166
2021,7,24,ALL,"",55187807,15646806,19726257,11490206
2021,7,24,ALL_CA,CA,447947,289993,447947,289993
2021,7,24,ALL_US,US,54739860,15357006,19278310,11200213
2021,7,24,ab,CA,68193,45865,68193,45865
2021,7,24,ak,US,65264,22498,21839,14229
2021,7,24,al,US,1484964,417423,530936,299513
2021,7,24,ar,US,757405,219348,288017,163295
2021,7,24,as,US,1,1,1,1
2021,7,24,az,US,1023206,305911,359530,219627
2021,7,24,bc,CA,57472,37173,57472,37173
2021,7,24,ca,US,4461388,1296195,1500755,918079
2021,7,24,co,US,870483,262739,275703,162947
2021,7,24,ct,US,405390,133665,159467,92726
2021,7,24,dc,US,64653,30580,11998,7958
2021,7,24,de,US,157176,53174,51722,30826
2021,7,24,fl,US,4414765,1145489,1339456,777526
2021,7,24,ga,US,2494541,676225,837746,471410
2021,7,24,gu,US,65,61,46,46
2021,7,24,hi,US,251890,63674,62537,38712
2021,7,24,ia,US,684759,206063,255698,143037
2021,7,24,id,US,255525,82407,95419,56471
2021,7,24,il,US,2059831,633155,776940,449235
2021,7,24,in,US,1292771,384854,490176,278602
2021,7,24,ks,US,610947,179548,237426,131760
2021,7,24,ky,US,863978,262656,318678,182810
2021,7,24,la,US,1020920,290652,369483,211178
2021,7,24,ma,US,688150,235100,253354,150460
2021,7,24,mb,CA,24493,16547,24493,16547
2021,7,24,md,US,758023,248992,268116,159726
2021,7,24,me,US,172595,56822,64728,38646
2021,7,24,mi,US,1478938,485531,590613,347617
2021,7,24,mn,US,812459,260943,290900,172044
2021,7,24,mo,US,1418417,406243,504302,285969
2021,7,24,mp,US,18,17,18,17
2021,7,24,ms,US,771517,220981,284757,161557
2021,7,24,mt,US,138828,46317,47270,29203
2021,7,24,nb,CA,7257,4585,7257,4585
2021,7,24,nc,US,1934187,566542,701506,398591
2021,7,24,nd,US,119072,37791,42026,24755
2021,7,24,ne,US,415860,124464,152508,84020
2021,7,24,nh,US,188593,61685,67172,39135
2021,7,24,nj,US,1322086,404517,485536,277692
2021,7,24,nl,CA,5077,3140,5077,3140
2021,7,24,nm,US,255138,89117,85584,52172
2021,7,24,ns,CA,9175,5926,9175,5926
2021,7,24,nt,CA,255,176,255,176
2021,7,24,nu,CA,136,95,136,95
2021,7,24,nv,US,599883,157787,151040,93615
2021,7,24,ny,US,2175159,729950,794609,476599
2021,7,24,oh,US,2042334,607659,777863,446419
2021,7,24,ok,US,991761,277653,364037,204732
2021,7,24,on,CA,176506,112378,176506,112378
2021,7,24,or,US,522404,172950,183929,115043
2021,7,24,pa,US,1666943,540898,638854,377586
2021,7,24,pe,CA,1407,893,1407,893
2021,7,24,pr,US,7409,5410,4731,3853
2021,7,24,qc,CA,80108,51213,80108,51213
2021,7,24,ri,US,126942,42725,45847,26951
2021,7,24,sc,US,1212638,340913,412777,232636
2021,7,24,sd,US,162505,49362,54635,31483
2021,7,24,sk,CA,17656,11845,17656,11845
2021,7,24,tn,US,1600331,456546,541920,307542
2021,7,24,tx,US,6027850,1618883,2057894,1164315
2021,7,24,ut,US,454759,138022,164999,94013
2021,7,24,va,US,1246138,377463,446211,259634
2021,7,24,vi,US,37,31,0,0
2021,7,24,vt,US,52341,19769,21986,13279
2021,7,24,wa,US,865441,282269,317406,199526
2021,7,24,wi,US,891743,284013,336726,197618
2021,7,24,wv,US,284779,97524,111257,66317
2021,7,24,wy,US,94660,32066,29626,17487
2021,7,24,yt,CA,212,157,212,157
2021,7,25,ALL,"",50266110,15808293,20970749,12259743
2021,7,25,ALL_CA,CA,479665,312108,479665,312108
2021,7,25,ALL_US,US,49786445,15496366,20491084,11947635
2021,7,25,ab,CA,73358,49641,73358,49641
2021,7,25,ak,US,61418,23087,23059,15120
2021,7,25,al,US,1312171,409911,569415,319123
2021,7,25,ar,US,670321,221323,308757,175495
2021,7,25,as,US,3,3,3,3
2021,7,25,az,US,908866,307169,367666,229688
2021,7,25,bc,CA,59027,38855,59027,38855
2021,7,25,ca,US,4166689,1308515,1543247,961861
2021,7,25,co,US,810411,265553,289819,173702
2021,7,25,ct,US,370109,136644,166054,99234
2021,7,25,dc,US,59636,29775,12955,8583
2021,7,25,de,US,142162,52784,54790,33122
2021,7,25,fl,US,3976615,1133077,1388862,811619
2021,7,25,ga,US,2228101,673500,894569,501367
2021,7,25,gu,US,62,59,48,46
2021,7,25,hi,US,231777,63374,61877,39668
2021,7,25,ia,US,609409,206681,276692,154534
2021,7,25,id,US,223887,83511,101243,60992
2021,7,25,il,US,1907778,636777,818574,475282
2021,7,25,in,US,1170289,384325,521641,294233
2021,7,25,ks,US,544243,182169,252563,142893
2021,7,25,ky,US,786398,264078,345764,196769
2021,7,25,la,US,904482,292093,394785,225997
2021,7,25,ma,US,629194,242394,268484,164013
2021,7,25,mb,CA,26729,18284,26729,18284
2021,7,25,md,US,694410,252215,283987,171008
2021,7,25,me,US,159253,58449,69216,42362
2021,7,25,mi,US,1391625,476153,628528,362789
2021,7,25,mn,US,772031,270514,334921,194892
2021,7,25,mo,US,1256503,409814,541362,309687
2021,7,25,mp,US,14,14,14,14
2021,7,25,ms,US,678496,218378,305419,171714
2021,7,25,mt,US,127776,47580,51013,31950
2021,7,25,nb,CA,8402,5214,8402,5214
2021,7,25,nc,US,1735531,562358,748837,424316
2021,7,25,nd,US,111623,40629,50373,29638
2021,7,25,ne,US,377350,126368,165367,91980
2021,7,25,nh,US,170281,62859,71799,43075
2021,7,25,nj,US,1215414,409620,514645,296513
2021,7,25,nl,CA,6122,3623,6122,3623
2021,7,25,nm,US,230861,89230,90819,56124
2021,7,25,ns,CA,10449,6612,10449,6612
2021,7,25,nt,CA,275,198,275,198
2021,7,25,nu,CA,157,115,157,115
2021,7,25,nv,US,542867,159571,154733,98660
2021,7,25,ny,US,2018701,742581,848481,511457
2021,7,25,oh,US,1881078,614871,840764,477035
2021,7,25,ok,US,897729,283192,391567,220783
2021,7,25,on,CA,184047,118019,184047,118019
2021,7,25,or,US,486901,174877,191625,121797
2021,7,25,pa,US,1544344,554039,690856,408431
2021,7,25,pe,CA,1555,985,1555,985
2021,7,25,pr,US,4806,3688,3141,2629
2021,7,25,qc,CA,89645,57223,89645,57223
2021,7,25,ri,US,110447,41885,47685,28731
2021,7,25,sc,US,1081152,335926,436825,245516
2021,7,25,sd,US,154360,52272,63947,36891
2021,7,25,sk,CA,19668,13159,19668,13159
2021,7,25,tn,US,1427856,452545,578500,327591
2021,7,25,tx,US,5436201,1625881,2188204,1242023
2021,7,25,ut,US,375637,142084,174999,103347
2021,7,25,va,US,1136815,376730,476235,276901
2021,7,25,vi,US,37,33,0,0
2021,7,25,vt,US,49696,20449,23669,14481
2021,7,25,wa,US,807942,287987,333588,213454
2021,7,25,wi,US,848014,292399,377443,218370
2021,7,25,wv,US,261043,96390,120432,71089
2021,7,25,wy,US,85630,32413,31223,19063
2021,7,25,yt,CA,231,180,231,180
2021,7,26,ALL,"",54012267,15943351,21216596,12294837
2021,7,26,ALL_CA,CA,476119,308303,476119,308303
2021,7,26,ALL_US,US,53536148,15635281,20740477,11986534
2021,7,26,ab,CA,72447,48764,72447,48764
2021,7,26,ak,US,68310,22839,23355,15079
2021,7,26,al,US,1473170,405295,577459,319343
2021,7,26,ar,US,777373,220307,317459,175237
2021,7,26,as,US,3,3,3,3
2021,7,26,az,US,1008745,306024,371331,228924
2021,7,26,bc,CA,57719,38261,57719,38261
2021,7,26,ca,US,4279506,1321846,1540831,971174
2021,7,26,co,US,850361,264425,291592,174625
2021,7,26,ct,US,398925,133692,170244,98450
2021,7,26,dc,US,63904,32067,13255,8873
2021,7,26,de,US,148641,50255,55984,33131
2021,7,26,fl,US,4206448,1134730,1424294,818272
2021,7,26,ga,US,2382931,672901,905627,505745
2021,7,26,gu,US,50,50,38,38
2021,7,26,hi,US,240024,62640,59623,39321
2021,7,26,ia,US,662419,203295,277199,153467
2021,7,26,id,US,257825,83820,102502,61204
2021,7,26,il,US,2037408,634797,827091,475841
2021,7,26,in,US,1251224,379088,524965,293026
2021,7,26,ks,US,610079,185647,259929,142959
2021,7,26,ky,US,859324,258390,347082,195635
2021,7,26,la,US,1025917,293261,404943,227042
2021,7,26,ma,US,695356,242338,277033,162941
2021,7,26,mb,CA,26691,17967,26691,17967
2021,7,26,md,US,732277,250854,286765,171908
2021,7,26,me,US,173953,57353,70634,41619
2021,7,26,mi,US,1512182,479062,643181,367014
2021,7,26,mn,US,824112,276181,338488,199121
2021,7,26,mo,US,1378603,402425,544908,307359
2021,7,26,mp,US,17,16,17,16
2021,7,26,ms,US,778585,215919,310815,171886
2021,7,26,mt,US,146331,48397,53083,32271
2021,7,26,nb,CA,8300,5230,8300,5230
2021,7,26,nc,US,1849378,561382,753050,425750
2021,7,26,nd,US,134368,41937,53945,30048
2021,7,26,ne,US,419094,124763,170260,91462
2021,7,26,nh,US,179696,60844,74378,42828
2021,7,26,nj,US,1297142,405045,529663,298811
2021,7,26,nl,CA,6095,3604,6095,3604
2021,7,26,nm,US,248142,88701,93334,56954
2021,7,26,ns,CA,10330,6683,10330,6683
2021,7,26,nt,CA,276,192,276,192
2021,7,26,nu,CA,142,89,142,89
2021,7,26,nv,US,548098,156146,153874,98850
2021,7,26,ny,US,2230743,748441,875466,513854
2021,7,26,oh,US,2015950,612595,842271,474259
2021,7,26,ok,US,990065,280798,396515,220214
2021,7,26,on,CA,182234,116881,182234,116881
2021,7,26,or,US,514018,174819,191446,122267
2021,7,26,pa,US,1640127,548168,693217,406709
2021,7,26,pe,CA,1573,974,1573,974
2021,7,26,pr,US,5147,3838,3231,2646
2021,7,26,qc,CA,89762,56355,89762,56355
2021,7,26,ri,US,122042,41784,48645,28500
2021,7,26,sc,US,1160643,333679,440654,246396
2021,7,26,sd,US,172116,51173,65400,36284
2021,7,26,sk,CA,20327,13126,20327,13126
2021,7,26,tn,US,1537224,448254,578092,327724
2021,7,26,tx,US,5799087,1632476,2207279,1248795
2021,7,26,ut,US,458134,143390,177272,104017
2021,7,26,va,US,1180090,375017,478327,278412
2021,7,26,vi,US,45,41,0,0
2021,7,26,vt,US,55576,20198,24543,14575
2021,7,26,wa,US,853973,290259,335222,215191
2021,7,26,wi,US,900561,291721,380519,220622
2021,7,26,wv,US,284729,94359,120884,70607
2021,7,26,wy,US,95957,31334,33260,19262
2021,7,26,yt,CA,223,177,223,177
2021,7,27,ALL,"",55155283,16352855,21472543,12513894
2021,7,27,ALL_CA,CA,473644,307840,473644,307840
2021,7,27,ALL_US,US,54681639,16045286,20998899,12206054
2021,7,27,ab,CA,72455,48886,72455,48886
2021,7,27,ak,US,69434,23916,23799,15722
2021,7,27,al,US,1478234,407523,578645,322616
2021,7,27,ar,US,786034,221708,318641,176908
2021,7,27,as,US,1,1,1,1
2021,7,27,az,US,1037270,323752,383054,238899
2021,7,27,bc,CA,58591,39076,58591,39076
2021,7,27,ca,US,4447312,1380644,1583091,998894
2021,7,27,co,US,872469,272784,297565,179427
2021,7,27,ct,US,409545,137790,174506,101114
2021,7,27,dc,US,63664,31536,13386,9031
2021,7,27,de,US,149479,50236,56324,33560
2021,7,27,fl,US,4237898,1148740,1435295,829998
2021,7,27,ga,US,2425129,681697,909519,511102
2021,7,27,gu,US,47,44,35,34
2021,7,27,hi,US,247262,65296,60786,40372
2021,7,27,ia,US,672566,207033,280155,156411
2021,7,27,id,US,261443,86917,105150,63727
2021,7,27,il,US,2093619,651862,836186,483493
2021,7,27,in,US,1275386,382784,531651,296789
2021,7,27,ks,US,625939,186074,261265,143684
2021,7,27,ky,US,874690,261920,349497,197876
2021,7,27,la,US,1036282,296020,407794,230139
2021,7,27,ma,US,713526,251820,284612,167257
2021,7,27,mb,CA,26759,17944,26759,17944
2021,7,27,md,US,754787,255561,288820,174153
2021,7,27,me,US,175710,57963,72244,42422
2021,7,27,mi,US,1543498,489282,650152,373162
2021,7,27,mn,US,848319,282884,343419,203262
2021,7,27,mo,US,1395649,409367,548997,311213
2021,7,27,mp,US,16,16,16,16
2021,7,27,ms,US,784511,218326,311578,173940
2021,7,27,mt,US,149153,50266,54285,33565
2021,7,27,nb,CA,8290,5225,8290,5225
2021,7,27,nc,US,1906730,569089,760991,431402
2021,7,27,nd,US,137806,42968,54490,30636
2021,7,27,ne,US,430009,128250,172291,93168
2021,7,27,nh,US,181294,61428,75916,43466
2021,7,27,nj,US,1322648,414870,535682,303157
2021,7,27,nl,CA,6182,3666,6182,3666
2021,7,27,nm,US,254738,91481,95455,58516
2021,7,27,ns,CA,10367,6602,10367,6602
2021,7,27,nt,CA,287,195,287,195
2021,7,27,nu,CA,155,100,155,100
2021,7,27,nv,US,558314,159392,157592,100728
2021,7,27,ny,US,2283853,773449,884200,522532
2021,7,27,oh,US,2057497,623424,851446,481036
2021,7,27,ok,US,1009896,283721,398328,221629
2021,7,27,on,CA,179419,115752,179419,115752
2021,7,27,or,US,525832,182511,196728,127476
2021,7,27,pa,US,1674208,564209,703563,413374
2021,7,27,pe,CA,1600,988,1600,988
2021,7,27,pr,US,5318,3901,3137,2601
2021,7,27,qc,CA,88846,55841,88846,55841
2021,7,27,ri,US,125463,43263,49640,29137
2021,7,27,sc,US,1183808,338788,444304,250236
2021,7,27,sd,US,174404,52341,66917,37363
2021,7,27,sk,CA,20430,13360,20430,13360
2021,7,27,tn,US,1585505,451750,584258,331321
2021,7,27,tx,US,5895452,1670823,2227955,1274663
2021,7,27,ut,US,469192,148066,180807,106489
2021,7,27,va,US,1225725,381357,482055,280637
2021,7,27,vi,US,41,33,0,0
2021,7,27,vt,US,55416,20454,24503,14759
2021,7,27,wa,US,881504,305096,346834,224541
2021,7,27,wi,US,922245,302063,385443,226997
2021,7,27,wv,US,288111,95127,121979,71453
2021,7,27,wy,US,97758,32511,33917,19980
2021,7,27,yt,CA,263,205,263,205
2021,7,28,ALL,"",55430758,16106024,21255653,12341354
2021,7,28,ALL_CA,CA,477285,307087,477285,307087
2021,7,28,ALL_US,US,54953473,15799203,20778368,12034267
2021,7,28,ab,CA,72005,48079,72005,48079
2021,7,28,ak,US,69521,23196,23181,15194
2021,7,28,al,US,1514797,405448,575361,319698
2021,7,28,ar,US,788536,219784,314702,174655
2021,7,28,as,US,2,2,2,2
2021,7,28,az,US,1039309,311360,374995,230498
2021,7,28,bc,CA,57976,37981,57976,37981
2021,7,28,ca,US,4403853,1327080,1550983,968755
2021,7,28,co,US,864274,263266,290370,173960
2021,7,28,ct,US,410777,134520,171157,98832
2021,7,28,dc,US,64500,30625,13016,8764
2021,7,28,de,US,152369,50501,55834,33073
2021,7,28,fl,US,4246928,1140471,1422500,823354
2021,7,28,ga,US,2469866,674749,909635,506711
2021,7,28,gu,US,58,53,49,44
2021,7,28,hi,US,249517,63665,60036,39402
2021,7,28,ia,US,672484,204693,277090,154569
2021,7,28,id,US,262489,84150,102658,61439
2021,7,28,il,US,2096183,647392,829224,480066
2021,7,28,in,US,1289638,384649,531957,297094
2021,7,28,ks,US,627600,184407,258803,141661
2021,7,28,ky,US,879146,260836,347285,196237
2021,7,28,la,US,1046966,292292,401938,225903
2021,7,28,ma,US,719128,245957,276743,163333
2021,7,28,mb,CA,26324,17623,26324,17623
2021,7,28,md,US,752972,251947,287419,172380
2021,7,28,me,US,178835,56921,70960,41459
2021,7,28,mi,US,1562415,490084,651542,374157
2021,7,28,mn,US,850704,285243,339647,203478
2021,7,28,mo,US,1398584,404510,541566,306516
2021,7,28,mp,US,13,13,13,13
2021,7,28,ms,US,790391,216974,309478,172095
2021,7,28,mt,US,147484,48153,52521,32138
2021,7,28,nb,CA,8303,5175,8303,5175
2021,7,28,nc,US,1909688,562378,750878,425264
2021,7,28,nd,US,137980,42348,52611,29707
2021,7,28,ne,US,429414,126703,169477,91634
2021,7,28,nh,US,187925,61248,74162,42728
2021,7,28,nj,US,1335007,412367,533284,300407
2021,7,28,nl,CA,6297,3747,6297,3747
2021,7,28,nm,US,254047,88230,92746,56224
2021,7,28,ns,CA,10550,6749,10550,6749
2021,7,28,nt,CA,291,199,291,199
2021,7,28,nu,CA,145,96,145,96
2021,7,28,nv,US,551065,152802,153523,96980
2021,7,28,ny,US,2306357,761644,877011,515318
2021,7,28,oh,US,2074335,622002,846812,479462
2021,7,28,ok,US,1011406,279878,392692,218034
2021,7,28,on,CA,183369,116934,183369,116934
2021,7,28,or,US,523072,175325,191607,122099
2021,7,28,pa,US,1696444,559360,697001,408045
2021,7,28,pe,CA,1623,985,1623,985
2021,7,28,pr,US,6337,4796,3981,3375
2021,7,28,qc,CA,89962,56235,89962,56235
2021,7,28,ri,US,124203,42128,48527,28491
2021,7,28,sc,US,1204488,338022,439692,247438
2021,7,28,sd,US,175127,51578,65449,36472
2021,7,28,sk,CA,20215,13127,20215,13127
2021,7,28,tn,US,1587797,445558,576918,326185
2021,7,28,tx,US,5926634,1638150,2202164,1252551
2021,7,28,ut,US,464029,144281,177184,103724
2021,7,28,va,US,1235114,383075,478767,278601
2021,7,28,vi,US,28,24,0,0
2021,7,28,vt,US,56902,20207,24344,14493
2021,7,28,wa,US,875559,291730,337100,215375
2021,7,28,wi,US,943992,318065,397771,236037
2021,7,28,wv,US,290338,95529,121241,71019
2021,7,28,wy,US,96846,31877,32761,19152
2021,7,28,yt,CA,225,157,225,157
2021,7,29,ALL,"",55444512,15920553,20984189,12199720
2021,7,29,ALL_CA,CA,465376,299437,465376,299437
2021,7,29,ALL_US,US,54979136,15621394,20518813,11900283
2021,7,29,ab,CA,68945,45845,68945,45845
2021,7,29,ak,US,68560,22479,22918,14858
2021,7,29,al,US,1536960,404072,569317,316045
2021,7,29,ar,US,799904,219641,313288,173613
2021,7,29,as,US,2,2,2,2
2021,7,29,az,US,1059228,315208,378221,232986
2021,7,29,bc,CA,57101,37364,57101,37364
2021,7,29,ca,US,4404024,1301963,1537167,957564
2021,7,29,co,US,866901,259059,287211,172249
2021,7,29,ct,US,399174,134040,168421,98601
2021,7,29,dc,US,63954,30224,12945,8732
2021,7,29,de,US,153665,51044,55577,33092
2021,7,29,fl,US,4251457,1127014,1407742,813142
2021,7,29,ga,US,2543121,673375,912761,502259
2021,7,29,gu,US,33,33,27,27
2021,7,29,hi,US,246537,62232,59453,38896
2021,7,29,ia,US,674378,201240,271478,152047
2021,7,29,id,US,262253,83325,101079,60466
2021,7,29,il,US,2107208,643296,812388,473106
2021,7,29,in,US,1290497,385915,527761,296902
2021,7,29,ks,US,627472,183606,254007,139502
2021,7,29,ky,US,891735,264255,347208,196342
2021,7,29,la,US,1045149,290147,395802,223604
2021,7,29,ma,US,707885,244000,275570,163069
2021,7,29,mb,CA,25658,16939,25658,16939
2021,7,29,md,US,738747,249362,282959,171179
2021,7,29,me,US,176096,57256,70755,41738
2021,7,29,mi,US,1551027,476601,629904,363390
2021,7,29,mn,US,848782,269428,324027,190735
2021,7,29,mo,US,1407808,408049,539188,306614
2021,7,29,mp,US,11,11,11,11
2021,7,29,ms,US,806980,217416,308005,171056
2021,7,29,mt,US,146603,47075,51184,31420
2021,7,29,nb,CA,8196,5019,8196,5019
2021,7,29,nc,US,1925474,556070,741545,418837
2021,7,29,nd,US,136018,41424,51489,29137
2021,7,29,ne,US,429830,125948,167433,91029
2021,7,29,nh,US,186676,62132,74379,43197
2021,7,29,nj,US,1275300,415999,525517,301407
2021,7,29,nl,CA,6044,3561,6044,3561
2021,7,29,nm,US,253447,85797,91436,55407
2021,7,29,ns,CA,10313,6401,10313,6401
2021,7,29,nt,CA,251,173,251,173
2021,7,29,nu,CA,150,103,150,103
2021,7,29,nv,US,553808,152103,152652,97231
2021,7,29,ny,US,2206734,749556,863802,512719
2021,7,29,oh,US,2048802,619389,835536,477216
2021,7,29,ok,US,1021573,279465,390532,216155
2021,7,29,on,CA,177614,114114,177614,114114
2021,7,29,or,US,522686,172573,190124,120924
2021,7,29,pa,US,1653910,565068,685586,406975
2021,7,29,pe,CA,1584,971,1584,971
2021,7,29,pr,US,6930,5249,4368,3678
2021,7,29,qc,CA,90056,56389,90056,56389
2021,7,29,ri,US,123915,42109,48918,28451
2021,7,29,sc,US,1211174,334832,436594,243882
2021,7,29,sd,US,177133,51234,64273,35785
2021,7,29,sk,CA,19246,12404,19246,12404
2021,7,29,tn,US,1608554,445725,573003,323620
2021,7,29,tx,US,6011815,1632744,2179365,1241184
2021,7,29,ut,US,465549,141734,172486,101060
2021,7,29,va,US,1249834,385252,474029,275457
2021,7,29,vi,US,38,35,0,0
2021,7,29,vt,US,56268,20437,24198,14574
2021,7,29,wa,US,869987,286761,332842,212570
2021,7,29,wi,US,918707,290498,368525,216044
2021,7,29,wv,US,291668,96022,121041,71140
2021,7,29,wy,US,97155,32491,32764,19378
2021,7,29,yt,CA,218,154,218,154
2021,7,30,ALL,"",58431430,15837605,20603153,11918324
2021,7,30,ALL_CA,CA,454917,292556,454917,292556
2021,7,30,ALL_US,US,57976513,15545357,20148236,11625769
2021,7,30,ab,CA,67582,45299,67582,45299
2021,7,30,ak,US,71761,23035,22999,14795
2021,7,30,al,US,1630611,414959,560777,310898
2021,7,30,ar,US,846422,223096,307356,169709
2021,7,30,as,US,3,3,3,3
2021,7,30,az,US,1124848,316560,383229,230733
2021,7,30,bc,CA,56155,36630,56155,36630
2021,7,30,ca,US,4648519,1326637,1562645,958989
2021,7,30,co,US,908051,269003,288190,172888
2021,7,30,ct,US,421375,131007,163941,94438
2021,7,30,dc,US,68659,30363,12569,8397
2021,7,30,de,US,163034,52476,54070,31894
2021,7,30,fl,US,4496103,1129136,1388575,798355
2021,7,30,ga,US,2682716,684168,895362,494238
2021,7,30,gu,US,45,43,30,29
2021,7,30,hi,US,257852,63022,61728,39164
2021,7,30,ia,US,716103,209009,268734,151690
2021,7,30,id,US,272950,85075,100191,59675
2021,7,30,il,US,2176546,639272,792199,460152
2021,7,30,in,US,1369796,383708,511873,286161
2021,7,30,ks,US,661723,184465,248472,136600
2021,7,30,ky,US,944092,265110,336362,190476
2021,7,30,la,US,1109857,292003,390914,218975
2021,7,30,ma,US,726669,237881,263384,155714
2021,7,30,mb,CA,24986,16536,24986,16536
2021,7,30,md,US,785756,248396,276784,165510
2021,7,30,me,US,185922,57473,68165,40301
2021,7,30,mi,US,1581985,469966,601497,346355
2021,7,30,mn,US,856173,265310,306636,182186
2021,7,30,mo,US,1501081,412552,524033,297092
2021,7,30,mp,US,8,7,8,7
2021,7,30,ms,US,892376,223658,304670,167982
2021,7,30,mt,US,152299,47318,50265,30674
2021,7,30,nb,CA,7601,4888,7601,4888
2021,7,30,nc,US,2027541,561156,729013,411381
2021,7,30,nd,US,134884,40396,47236,27303
2021,7,30,ne,US,450178,130163,163998,90921
2021,7,30,nh,US,198399,62245,70997,41104
2021,7,30,nj,US,1364437,407621,506460,287429
2021,7,30,nl,CA,5625,3362,5625,3362
2021,7,30,nm,US,271114,87515,91103,54644
2021,7,30,ns,CA,9225,6193,9225,6193
2021,7,30,nt,CA,289,190,289,190
2021,7,30,nu,CA,152,96,152,96
2021,7,30,nv,US,589807,156402,155358,97366
2021,7,30,ny,US,2320863,729388,830861,492320
2021,7,30,oh,US,2175999,608118,809525,458209
2021,7,30,ok,US,1085663,282709,383233,211821
2021,7,30,on,CA,175150,111122,175150,111122
2021,7,30,or,US,549087,178025,191541,121000
2021,7,30,pa,US,1749520,546789,660431,387762
2021,7,30,pe,CA,1482,957,1482,957
2021,7,30,pr,US,5319,3851,3076,2510
2021,7,30,qc,CA,88129,55139,88129,55139
2021,7,30,ri,US,132446,43990,47169,27574
2021,7,30,sc,US,1276397,339914,431266,239641
2021,7,30,sd,US,176192,51697,59038,34078
2021,7,30,sk,CA,18325,11984,18325,11984
2021,7,30,tn,US,1743207,455328,567630,319883
2021,7,30,tx,US,6340756,1636898,2160143,1219441
2021,7,30,ut,US,478195,141085,168769,98991
2021,7,30,va,US,1308955,382107,463657,268792
2021,7,30,vi,US,39,36,0,0
2021,7,30,vt,US,58491,20445,22973,13865
2021,7,30,wa,US,911625,289913,334167,210679
2021,7,30,wi,US,957813,290563,355283,207071
2021,7,30,wv,US,315442,98041,117406,68868
2021,7,30,wy,US,100809,33337,32242,19060
2021,7,30,yt,CA,216,160,216,160
2021,7,31,ALL,"",55571257,15548347,19828472,11563796
2021,7,31,ALL_CA,CA,426622,277313,426622,277313
2021,7,31,ALL_US,US,55144635,15271217,19401850,11286483
2021,7,31,ab,CA,62332,42252,62332,42252
2021,7,31,ak,US,65683,22307,22358,14345
2021,7,31,al,US,1495258,417084,531590,301740
2021,7,31,ar,US,765084,220917,290261,165591
2021,7,31,as,US,3,3,2,2
2021,7,31,az,US,1074234,305112,370708,221837
2021,7,31,bc,CA,54227,35532,54227,35532
2021,7,31,ca,US,4482662,1285960,1515015,926623
2021,7,31,co,US,865041,261624,280624,167771
2021,7,31,ct,US,400281,129715,158100,91720
2021,7,31,dc,US,64574,27934,12093,8030
2021,7,31,de,US,158729,53845,51828,31027
2021,7,31,fl,US,4395820,1122431,1349626,780703
2021,7,31,ga,US,2593006,684586,867489,484183
2021,7,31,gu,US,60,56,43,43
2021,7,31,hi,US,253548,62904,63060,39112
2021,7,31,ia,US,670883,201056,250325,142902
2021,7,31,id,US,255140,84393,97078,58621
2021,7,31,il,US,2075283,622790,761580,444905
2021,7,31,in,US,1288477,378569,487944,277204
2021,7,31,ks,US,619038,182780,237634,133951
2021,7,31,ky,US,873654,262919,321995,185739
2021,7,31,la,US,1016859,289180,372199,213319
2021,7,31,ma,US,685333,230526,252664,149326
2021,7,31,mb,CA,22902,15476,22902,15476
2021,7,31,md,US,752443,245592,266817,160055
2021,7,31,me,US,174116,56625,64612,38359
2021,7,31,mi,US,1470602,465062,575597,335431
2021,7,31,mn,US,805133,257032,289275,172686
2021,7,31,mo,US,1386473,404583,496177,286655
2021,7,31,mp,US,8,8,8,8
2021,7,31,ms,US,826566,225637,292589,164726
2021,7,31,mt,US,139830,47025,48030,29940
2021,7,31,nb,CA,6865,4488,6865,4488
2021,7,31,nc,US,1936508,561338,704330,400765
2021,7,31,nd,US,117281,37790,41974,25068
2021,7,31,ne,US,412709,123010,149436,84069
2021,7,31,nh,US,189513,61676,67649,39258
2021,7,31,nj,US,1322363,406209,484378,277663
2021,7,31,nl,CA,5078,3215,5078,3215
2021,7,31,nm,US,256233,87916,87953,53896
2021,7,31,ns,CA,8757,5720,8757,5720
2021,7,31,nt,CA,257,182,257,182
2021,7,31,nu,CA,125,91,125,91
2021,7,31,nv,US,589714,154907,153264,95254
2021,7,31,ny,US,2163347,711038,793683,476113
2021,7,31,oh,US,2058207,599268,784626,446777
2021,7,31,ok,US,1003720,280693,368070,207900
2021,7,31,on,CA,165074,105126,165074,105126
2021,7,31,or,US,514416,173153,184224,116764
2021,7,31,pa,US,1671533,539088,636973,376097
2021,7,31,pe,CA,1404,923,1404,923
2021,7,31,pr,US,5693,4375,3659,3142
2021,7,31,qc,CA,82973,53154,82973,53154
2021,7,31,ri,US,129951,45199,45936,26797
2021,7,31,sc,US,1216374,343774,417917,235644
2021,7,31,sd,US,164617,49495,54426,31548
2021,7,31,sk,CA,16410,10998,16410,10998
2021,7,31,tn,US,1689547,461865,555948,316697
2021,7,31,tx,US,6136725,1615234,2095504,1183253
2021,7,31,ut,US,470219,138714,170328,97766
2021,7,31,va,US,1261745,381588,448515,261491
2021,7,31,vi,US,31,27,0,0
2021,7,31,vt,US,54609,20161,22238,13417
2021,7,31,wa,US,845363,282636,319866,204931
2021,7,31,wi,US,898815,288454,341044,200486
2021,7,31,wv,US,289061,97151,112877,67258
2021,7,31,wy,US,92520,31996,29711,17891
2021,7,31,yt,CA,218,156,218,156
